id,question,answer,language,domain,entity,city,region,latitude,longitude,source
1,Bishoftu eessa jira?,Magaalaan Bishoftu naannoo Oromiyaa keessatti Godina Shawaa Bahaatti argama.,Afaan Oromo,Location,Bishoftu,Bishoftu,Oromia,8.7520,38.9785,manual
2,Bishoftu maal beekama?,Bishoftuun haroowwan uumamaa uffata uumamaa bareedaa qabaniin addunyaa irratti beekamti.,Afaan Oromo,Location,Bishoftu,Bishoftu,Oromia,8.7520,38.9785,manual
3,Bishoftu keessatti haroo meeqa jiru?,Magaalaa Bishoftu keessatti haroowwan torba kanneen akka Harsadii fi Babogayaa jiru.,Afaan Oromo,Location,Bishoftu,Bishoftu,Oromia,8.7520,38.9785,manual
4,Bishoftu bashannanaaf mijataa dhaa?,Eeyyee Bishoftuun qilleensa madaalawaa fi bakkeewwan boqonnaa hedduu qabaachun ishee baay'ee mijattuu ishee taasisa.,Afaan Oromo,Location,Bishoftu,Bishoftu,Oromia,8.7520,38.9785,manual
5,Bishoftu keessa hotel jiraa?,Magaalattiin hoteelota sadarkaa addunyaa fi rizoortota haroo irra jiran hedduu qabdi.,Afaan Oromo,Location,Bishoftu,Bishoftu,Oromia,8.7520,38.9785,manual
6,Bishoftu irraa Finfinnee fageenya meeqa?,Bishoftuun Finfinnee irraa fageenya kilomeetira 45 irratti argamti.,Afaan Oromo,Location,Bishoftu,Bishoftu,Oromia,8.7520,38.9785,manual
7,Bishoftu daawwachuuf yeroo gaarii?,Ji'oota roobni hin jirre keessa (Fulbaana - Caamsaa) daawwachuuf baay'ee gaariidha.,Afaan Oromo,Location,Bishoftu,Bishoftu,Oromia,8.7520,38.9785,manual
8,Bishoftu keessatti maal gochuun danda'ama?,Haroo irratti bidiruun deemuu kuusaa bishaanii daawwachuu fi suuraa uumamaa kaasuun ni danda'ama.,Afaan Oromo,Location,Bishoftu,Bishoftu,Oromia,8.7520,38.9785,manual
9,Bishoftu nageenya qabaa?,Bishoftuun magaalaa tasgabbii qabduu fi daawwattootaaf nageenya amansiisaa qabdudha.,Afaan Oromo,Location,Bishoftu,Bishoftu,Oromia,8.7520,38.9785,manual
10,Bishoftu maatii waliin deemuun mijataa dhaa?,Eeyyee maatii fi ijoollee waliin haroowwan daawwachuuf bakka baay'ee filatamaadha.,Afaan Oromo,Location,Bishoftu,Bishoftu,Oromia,8.7520,38.9785,manual
11,Wenchi eessa jira?,Haroon Wancii naannoo Oromiyaa Godina Shawaa Lixaa keessatti argama.,Afaan Oromo,Location,Wenchi,Wenchi,Oromia,8.8000,37.9000,manual
12,Wenchi maal qaba?,Wanciin haroo madda ibiddaa uumamaa bareedaa madda bishaanii fi jireenya baay'ee namatti tolu qaba.,Afaan Oromo,Location,Wenchi,Wenchi,Oromia,8.8000,37.9000,manual
13,Wenchi bashannanaaf mijataa dhaa?,Eeyyee namoonni nagaa uumamaa barbaadan filannoo jalqabaa godhatu.,Afaan Oromo,Location,Wenchi,Wenchi,Oromia,8.8000,37.9000,manual
14,Wenchi keessatti maal gochuun danda'ama?,Haroo gubbaa fardaan deemuu bidiruun ce'uu fi odola gidduu jiru daawwachuun ni danda'ama.,Afaan Oromo,Location,Wenchi,Wenchi,Oromia,8.8000,37.9000,manual
15,Wenchi daawwachuuf yeroo gaarii?,Wanciin ji'oota gannaa malee yeroo hunda daawwatamuuf mijataadha.,Afaan Oromo,Location,Wenchi,Wenchi,Oromia,8.8000,37.9000,manual
17,Wenchi keessa hotel jiraa?,Hoteelotni gurguddaan dhiyoo jiraachuu baatanis loojiin uumamaa fi keessummeessaan aadaa ni jira.,Afaan Oromo,Location,Wenchi,Wenchi,Oromia,8.8000,37.9000,manual
18,Wenchi irraa Finfinnee fageenya meeqa?,Wanciin Finfinnee irraa gara dhihaatti kilomeetira 155 fagaatee argama.,Afaan Oromo,Location,Wenchi,Wenchi,Oromia,8.8000,37.9000,manual
19,Wenchi maatii waliin deemuun mijataa dhaa?,Eeyyee bashannana maatii fi sochii qaamaa (Hiking) gaarii ta'e qaba.,Afaan Oromo,Location,Wenchi,Wenchi,Oromia,8.8000,37.9000,manual
20,Wenchi keessatti suuraa kaasuun danda'amaa?,Eeyyee uumamni isaa suuraa kaasuuf iddoo hunda caalaa filatamaadha.,Afaan Oromo,Location,Wenchi,Wenchi,Oromia,8.8000,37.9000,manual
21,Lalibela eessa jira?,Lalibelaan naannoo Amaaraa Godina Wallo Kaabaatti argamti.,Afaan Oromo,Location,Lalibela,Lalibela,Amhara,12.0317,39.0476,manual
22,Lalibela maal beekama?,Lalibelaan manneen kiristaanaa dhagaa jidduu irraa bocaman 11 kan UNESCO'n galmeeffaman qabaachuun beekamti.,Afaan Oromo,Location,Lalibela,Lalibela,Amhara,12.0317,39.0476,manual
23,Lalibela bashannanaaf mijataa dhaa?,Lalibelaan bakka bashannanaa caalaa bakka seenaa fi amantii guddaa qabudha.,Afaan Oromo,Location,Lalibela,Lalibela,Amhara,12.0317,39.0476,manual
24,Lalibela keessatti maal daawwatama?,Manneen kiristaanaa durii kan akka Qiddus Giyoorgis fi seenaa mootummaa Lalibelaa daawwatama.,Afaan Oromo,Location,Lalibela,Lalibela,Amhara,12.0317,39.0476,manual
25,Lalibela daawwachuuf yeroo gaarii?,Yeroo ayyaana Ganna (Qillee) Amajjii keessa jiru daawwachuun filatamaadha.,Afaan Oromo,Location,Lalibela,Lalibela,Amhara,12.0317,39.0476,manual
26,Lalibela nageenya qabaa?,Eeyyee magaalattiin nageenya amansiisaa qabdudha.,Afaan Oromo,Location,Lalibela,Lalibela,Amhara,12.0317,39.0476,manual
27,Lalibela keessa hotel jiraa?,Hoteelotni seenaa fi aadaa Itoophiyaa calaqqisiisan hedduun ni jiru.,Afaan Oromo,Location,Lalibela,Lalibela,Amhara,12.0317,39.0476,manual
28,Lalibela irraa Finfinnee fageenya meeqa?,Finfinnee irraa kilomeetira 700 ol fagaatee argama.,Afaan Oromo,Location,Lalibela,Lalibela,Amhara,12.0317,39.0476,manual
29,Lalibela maatii waliin deemuun mijataa dhaa?,Eeyyee barnoota seenaa fi amantii argachuuf maatii waliin deemuuf baay'ee gaariidha.,Afaan Oromo,Location,Lalibela,Lalibela,Amhara,12.0317,39.0476,manual
30,Lalibela keessatti suuraa kaasuun danda'amaa?,Eeyyee architectural fi seenaa isaanii suuraan kaasuu ni danda'ama.,Afaan Oromo,Location,Lalibela,Lalibela,Amhara,12.0317,39.0476,manual
31,Hawassa eessa jira?,Hawaasaan giddu gala naannoo Sidaamaa keessatti argamti.,Afaan Oromo,Location,Hawassa,Hawassa,Sidama,7.0500,38.4950,manual
32,Hawassa maal beekama?,Hawaasaan Haroo ishee bal'aa fi qurxummii dhandhamuun beekamti.,Afaan Oromo,Location,Hawassa,Hawassa,Sidama,7.0500,38.4950,manual
33,Hawassa keessatti maal gochuun danda'ama?,Dooqa haroo irratti deemuu qurxummii nyaachuu fi simbirroota daawwachuu ni danda'ama.,Afaan Oromo,Location,Hawassa,Hawassa,Sidama,7.0500,38.4950,manual
34,Hawassa bashannanaaf mijataa dhaa?,Eeyyee magaalattiin qulqulluu fi bashannanaaf baay'ee mijattuudha.,Afaan Oromo,Location,Hawassa,Hawassa,Sidama,7.0500,38.4950,manual
35,Hawassa nageenya qabaa?,Eeyyee Hawaasaan magaalaa nagaa fi tasgabbii qabduudha.,Afaan Oromo,Location,Hawassa,Hawassa,Sidama,7.0500,38.4950,manual
36,Hawassa keessa hotel jiraa?,Eeyyee hoteelotni gurguddaa fi rizoortota qabdi.,Afaan Oromo,Location,Hawassa,Hawassa,Sidama,7.0500,38.4950,manual
37,Hawassa irraa Finfinnee fageenya meeqa?,Finfinnee irraa kilomeetira 275 fagaatti.,Afaan Oromo,Location,Hawassa,Hawassa,Sidama,7.0500,38.4950,manual
38,Hawassa daawwachuuf yeroo gaarii?,Ji'oota Bonaa keessa deemuun qilleensa gaarii argachuuf gargaara.,Afaan Oromo,Location,Hawassa,Hawassa,Sidama,7.0500,38.4950,manual
39,Hawassa maatii waliin deemuun mijataa dhaa?,Eeyyee maatii waliin boqonnaa qabachuuf bakka gaariidha.,Afaan Oromo,Location,Hawassa,Hawassa,Sidama,7.0500,38.4950,manual
40,Hawassa keessatti suuraa kaasuun danda'amaa?,Eeyyee lixinsa biiftuu haroo irratti kaasuun baay'ee namatti tola.,Afaan Oromo,Location,Hawassa,Hawassa,Sidama,7.0500,38.4950,manual
41,Jimma eessa jira?,Jimmaan Godina Jimmaa naannoo Oromiyaa keessatti argamti.,Afaan Oromo,Location,Jimma,Jimma,Oromia,7.6731,36.8344,manual
42,Jimma maal beekama?,Jimmaan madda bunaa addunyaa fi Masaraa Mootummaa Abbaa Jifaar qabaachuun beekamti.,Afaan Oromo,Location,Jimma,Jimma,Oromia,7.6731,36.8344,manual
43,Jimma keessatti maal gochuun danda'ama?,Masaraa Abbaa Jifaar daawwachuu fi oomisha bunaa dhandhamuun ni danda'ama.,Afaan Oromo,Location,Jimma,Jimma,Oromia,7.6731,36.8344,manual
44,Jimma bashannanaaf mijataa dhaa?,Eeyyee magaalattiin aadaa keessummeessaa gaarii fi qilleensa qabbaneessaa qabdi.,Afaan Oromo,Location,Jimma,Jimma,Oromia,7.6731,36.8344,manual
45,Jimma nageenya qabaa?,Eeyyee Jimmaan magaalaa nageenya amansiisaa qabdudha.,Afaan Oromo,Location,Jimma,Jimma,Oromia,7.6731,36.8344,manual
46,Jimma keessa hotel jiraa?,Hoteelotni ammayyaa fi tajaajila gaarii kennan hedduun ni jiru.,Afaan Oromo,Location,Jimma,Jimma,Oromia,7.6731,36.8344,manual
47,Jimma irraa Finfinnee fageenya meeqa?,Finfinnee irraa kilomeetira 350 fagaatti.,Afaan Oromo,Location,Jimma,Jimma,Oromia,7.6731,36.8344,manual
48,Jimma daawwachuuf yeroo gaarii?,Ji'a Fulbaanaa hanga Bitootessaatti daawwachuuf yeroo gaariidha.,Afaan Oromo,Location,Jimma,Jimma,Oromia,7.6731,36.8344,manual
49,Jimma maatii waliin deemuun mijataa dhaa?,Eeyyee magaalattiin maatiidhaaf tasgabbii fi nagaa qabdi.,Afaan Oromo,Location,Jimma,Jimma,Oromia,7.6731,36.8344,manual
50,Jimma keessatti suuraa kaasuun danda'amaa?,Eeyyee Masaraa mootichaa fi uumama naannoo suuraa kaasuun ni danda'ama.,Afaan Oromo,Location,Jimma,Jimma,Oromia,7.6731,36.8344,manual
51,Addis Ababa eessa jira?,Finfinneen (Addis Ababa) giddu gala Itoophiyaa keessatti argamti.,Afaan Oromo,Location,Addis Ababa,Addis Ababa,Addis Ababa,9.03,38.74,manual
52,Addis Ababa maal beekama?,Magaalaa guddoo Afrikaa bakka teessoo Gamtaa Afrikaa fi seenaa guddaa qabudha.,Afaan Oromo,Location,Addis Ababa,Addis Ababa,Addis Ababa,9.03,38.74,manual
53,Addis Ababa keessatti maal gochuun danda'ama?,Muuziyeemii daawwachuu gabaa Merkatoo deemu fi hoteelota babbareedoo bashannanuu ni danda'ama.,Afaan Oromo,Location,Addis Ababa,Addis Ababa,Addis Ababa,9.03,38.74,manual
54,Addis Ababa bashannanaaf mijataa dhaa?,Eeyyee paarkota babbareedoo akka Paarkii Inxooxxoo fi Adaanech qabdi.,Afaan Oromo,Location,Addis Ababa,Addis Ababa,Addis Ababa,9.03,38.74,manual
55,Addis Ababa nageenya qabaa?,Finfinneen magaalaa nageenya qabduu fi poolisii naannoon eegamudha.,Afaan Oromo,Location,Addis Ababa,Addis Ababa,Addis Ababa,9.03,38.74,manual
56,Addis Ababa keessa hotel jiraa?,Hoteelotni sadarkaa hunda qaban (5 star dabalatee) hedduun ni jiru.,Afaan Oromo,Location,Addis Ababa,Addis Ababa,Addis Ababa,9.03,38.74,manual
57,Addis Ababa irraa gara Bishoftu fageenya meeqa?,Magaalota lameen gidduu kilomeetira 45 qofatu jira.,Afaan Oromo,Location,Addis Ababa,Addis Ababa,Addis Ababa,9.03,38.74,manual
58,Addis Ababa daawwachuuf yeroo gaarii?,Magaalaan tun yeroo hunda daawwatamuuf mijattuudha.,Afaan Oromo,Location,Addis Ababa,Addis Ababa,Addis Ababa,9.03,38.74,manual
59,Addis Ababa maatii waliin deemuun mijataa dhaa?,Eeyyee bakkeewwan ijoolleen itti taphatan hedduu qabdi.,Afaan Oromo,Location,Addis Ababa,Addis Ababa,Addis Ababa,9.03,38.74,manual
60,Addis Ababa keessatti suuraa kaasuun danda'amaa?,Eeyyee gubbaa Inxooxxoo irraa fageenya magaalatti kaasuun baay'ee bareeda.,Afaan Oromo,Location,Addis Ababa,Addis Ababa,Addis Ababa,9.03,38.74,manual
61,Bale Mountains eessa jira?,Gaarreen Baalee naannoo Oromiyaa Godina Baalee keessatti argamu.,Afaan Oromo,Location,Bale Mountains,Bale,Oromia,6.7000,39.7000,manual
62,Bale Mountains maal beekama?,Paarkiin kun bineensota akka Jedalla Diimaa (Ethiopian Wolf) fi Nyalaan beekama.,Afaan Oromo,Location,Bale Mountains,Bale,Oromia,6.7000,39.7000,manual
63,Bale keessatti maal gochuun danda'ama?,Hiking gochuu bineensota daawwachuu fi tulluu Sanetti gubbaa deemuu ni danda'ama.,Afaan Oromo,Location,Bale Mountains,Bale,Oromia,6.7000,39.7000,manual
64,Bale bashannanaaf mijataa dhaa?,Eeyyee namoota qilleensa qabbaneessaa fi uumama jaallataniif baay'ee mijataadha.,Afaan Oromo,Location,Bale Mountains,Bale,Oromia,6.7000,39.7000,manual
65,Bale nageenya qabaa?,Eeyyee Paarkiin kun bulchiinsa gaarii fi nageenya amansiisaa qaba.,Afaan Oromo,Location,Bale Mountains,Bale,Oromia,6.7000,39.7000,manual
66,Bale keessa hotel jiraa?,Magaalaa Dinsho fi Goobaa keessatti hoteelotni gaariin ni jiru.,Afaan Oromo,Location,Bale Mountains,Bale,Oromia,6.7000,39.7000,manual
67,Bale irraa Finfinnee fageenya meeqa?,Finfinnee irraa kilomeetira 400 fagaatee argama.,Afaan Oromo,Location,Bale Mountains,Bale,Oromia,6.7000,39.7000,manual
68,Bale daawwachuuf yeroo gaarii?,Ji'oota Bonaa (Onkololeessa - Bitootessa) keessa daawwachuun filatamaadha.,Afaan Oromo,Location,Bale Mountains,Bale,Oromia,6.7000,39.7000,manual
69,Bale maatii waliin deemuun mijataa dhaa?,Eeyyee uumama barachuuf maatii waliin deemuun gaariidha.,Afaan Oromo,Location,Bale Mountains,Bale,Oromia,6.7000,39.7000,manual
70,Bale keessatti suuraa kaasuun danda'amaa?,Eeyyee uumama fi bineensota suuraa kaasuuf iddoo addaati.,Afaan Oromo,Location,Bale Mountains,Bale,Oromia,6.7000,39.7000,manual
71,Sof Omar cave eessa jira?,Holqi Soof Umar Godina Baalee naannoo Oromiyaa keessatti argama.,Afaan Oromo,Location,Sof Omar Cave,Bale,Oromia,6.9000,40.8000,manual
72,Sof Omar maal beekama?,Soof Umar holqa jidduu dhagaa jiran kan addunyaa irratti beekaman keessaa tokkodha.,Afaan Oromo,Location,Sof Omar Cave,Bale,Oromia,6.9000,40.8000,manual
73,Sof Omar keessatti maal gochuun danda'ama?,Holqa keessa deemanii uumama dhagaa fi bishaanii daawwachuun ni danda'ama.,Afaan Oromo,Location,Sof Omar Cave,Bale,Oromia,6.9000,40.8000,manual
74,Sof Omar bashannanaaf mijataa dhaa?,Eeyyee uumama dinqisiifachuuf bakka baay'ee namatti toludha.,Afaan Oromo,Location,Sof Omar Cave,Bale,Oromia,6.9000,40.8000,manual
75,Sof Omar nageenya qabaa?,Eeyyee bakka nageenyi isaa amansiisaa ta'edha.,Afaan Oromo,Location,Sof Omar Cave,Bale,Oromia,6.9000,40.8000,manual
76,Sof Omar keessa hotel jiraa?,Magaalota dhiyoo jiran akka Roobee keessatti hoteelotni ni jiru.,Afaan Oromo,Location,Sof Omar Cave,Bale,Oromia,6.9000,40.8000,manual
77,Sof Omar irraa Finfinnee fageenya meeqa?,Finfinnee irraa kilomeetira 450 fagaatee argama.,Afaan Oromo,Location,Sof Omar Cave,Bale,Oromia,6.9000,40.8000,manual
78,Sof Omar daawwachuuf yeroo gaarii?,Yeroo bishaan lageenii gad-hir'atu bona keessa daawwachuuf gaariidha.,Afaan Oromo,Location,Sof Omar Cave,Bale,Oromia,6.9000,40.8000,manual
79,Sof Omar maatii waliin deemuun mijataa dhaa?,Eeyyee maatiin waliin deemanii wanta haaraa arguuf ni gargaara.,Afaan Oromo,Location,Sof Omar Cave,Bale,Oromia,6.9000,40.8000,manual
80,Sof Omar keessatti suuraa kaasuun danda'amaa?,Eeyyee uumama holqa keessaa suuraa kaasuun baay'ee dinqisiisaadha.,Afaan Oromo,Location,Sof Omar Cave,Bale,Oromia,6.9000,40.8000,manual
81,Gondar eessa jira?,Gondar naannoo Amaaraa Godina Gondar keessatti argamti.,Afaan Oromo,Location,Gondar,Gondar,Amhara,12.6030,37.4521,manual
82,Gondar maal beekama?,Gondar masaraawwan mootota durii (Fasil Ghebbi) qabaachuun beekamti.,Afaan Oromo,Location,Gondar,Gondar,Amhara,12.6030,37.4521,manual
83,Gondar keessatti maal gochuun danda'ama?,Masaraa Faasiil daawwachuu fi seenaa moototaa barachuun ni danda'ama.,Afaan Oromo,Location,Gondar,Gondar,Amhara,12.6030,37.4521,manual
84,Gondar bashannanaaf mijataa dhaa?,Eeyyee magaalattiin aadaa fi seenaan badhaatuu waan ta'eef daawwataaf mijattuudha.,Afaan Oromo,Location,Gondar,Gondar,Amhara,12.6030,37.4521,manual
85,Gondar nageenya qabaa?,Eeyyee magaalattiin nageenya gaarii qabdudha.,Afaan Oromo,Location,Gondar,Gondar,Amhara,12.6030,37.4521,manual
86,Gondar keessa hotel jiraa?,Hoteelotni ammayyaa hedduun daawwattootaaf tajaajila ni kennu.,Afaan Oromo,Location,Gondar,Gondar,Amhara,12.6030,37.4521,manual
87,Gondar irraa Finfinnee fageenya meeqa?,Finfinnee irraa kilomeetira 750 fagaattee argamti.,Afaan Oromo,Location,Gondar,Gondar,Amhara,12.6030,37.4521,manual
88,Gondar daawwachuuf yeroo gaarii?,Yeroo ayyaana Timqataa daawwachuun baay'ee namatti tola.,Afaan Oromo,Location,Gondar,Gondar,Amhara,12.6030,37.4521,manual
89,Gondar maatii waliin deemuun mijataa dhaa?,Eeyyee seenaa Itoophiyaa maatii waliin daawwachuuf iddoo filatamaadha.,Afaan Oromo,Location,Gondar,Gondar,Amhara,12.6030,37.4521,manual
90,Gondar keessatti suuraa kaasuun danda'amaa?,Eeyyee masaraa fi bifa magaalaa suuraa kaasuun ni danda'ama.,Afaan Oromo,Location,Gondar,Gondar,Amhara,12.6030,37.4521,manual
91,Bahirdar eessa jira?,Bahir Daar naannoo Amaaraa Godina Goojjam keessatti argamti.,Afaan Oromo,Location,Bahirdar,Bahirdar,Amhara,11.5742,37.3614,manual
92,Bahirdar maal beekama?,Bahir Daar Haroo Tana fi fandaasoo fi bifa magaalaa ishee babbareedaan beekamti.,Afaan Oromo,Location,Bahirdar,Bahirdar,Amhara,11.5742,37.3614,manual
93,Bahirdar keessatti maal gochuun danda'ama?,Haroo Tana irratti bidiruun deemuu fi Fandaasoo Abbayyaa daawwachuun ni danda'ama.,Afaan Oromo,Location,Bahirdar,Bahirdar,Amhara,11.5742,37.3614,manual
94,Bahirdar bashannanaaf mijataa dhaa?,Eeyyee magaalattiin qilleensa qabbaneessaa fi haroo waan qabduuf baay'ee mijattuudha.,Afaan Oromo,Location,Bahirdar,Bahirdar,Amhara,11.5742,37.3614,manual
95,Bahirdar nageenya qabaa?,Eeyyee magaalattiin nageenya amansiisaa qabdudha.,Afaan Oromo,Location,Bahirdar,Bahirdar,Amhara,11.5742,37.3614,manual
96,Bahirdar keessa hotel jiraa?,Hoteelotni sadarkaa hunda qaban haroo cinaa jiru.,Afaan Oromo,Location,Bahirdar,Bahirdar,Amhara,11.5742,37.3614,manual
97,Bahirdar irraa Finfinnee fageenya meeqa?,Finfinnee irraa kilomeetira 560 fagaattee argamti.,Afaan Oromo,Location,Bahirdar,Bahirdar,Amhara,11.5742,37.3614,manual
98,Bahirdar daawwachuuf yeroo gaarii?,Ji'a Fulbaanaa hanga Waxabajjiitti daawwachuun baay'ee gaariidha.,Afaan Oromo,Location,Bahirdar,Bahirdar,Amhara,11.5742,37.3614,manual
99,Bahirdar maatii waliin deemuun mijataa dhaa?,Eeyyee bashannana maatiitiif bakka baay'ee gaariidha.,Afaan Oromo,Location,Bahirdar,Bahirdar,Amhara,11.5742,37.3614,manual
100,Bahirdar keessatti suuraa kaasuun danda'amaa?,Eeyyee fandaasoo bishaan Abbayyaa suuraa kaasuun ni danda'ama.,Afaan Oromo,Location,Bahirdar,Bahirdar,Amhara,11.5742,37.3614,manual
101,Harar eessa jira?,Magaalaan Harar naannoo Hararii keessatti argamti.,Afaan Oromo,Location,Harar,Harar,Harari,9.3122,42.1227,manual
102,Harar maal beekama?,Harar dallaa Jugal kan seenaa durii qabuu fi aadaa keessummeessaa addaan beekamti.,Afaan Oromo,Location,Harar,Harar,Harari,9.3122,42.1227,manual
103,Harar keessatti maal daawwatama?,Dallaa Jugal masgiidota durii fi bakka waraabessi itti nyaatamu daawwatama.,Afaan Oromo,Location,Harar,Harar,Harari,9.3122,42.1227,manual
104,Harar keessatti bashannanni akkam?,Aadaa fi nyaata naannoo dhandhamuun bashannana guddaa namaa kenna.,Afaan Oromo,Location,Harar,Harar,Harari,9.3122,42.1227,manual
105,Harar nageenya qabaa?,Eeyyee Harar magaalaa nagaa fi jaalalaati.,Afaan Oromo,Location,Harar,Harar,Harari,9.3122,42.1227,manual
106,Harar keessa hotel jiraa?,Hoteelotni aadaa fi ammayyaa hedduun ni jiru.,Afaan Oromo,Location,Harar,Harar,Harari,9.3122,42.1227,manual
107,Harar irraa Finfinnee fageenya meeqa?,Finfinnee irraa kilomeetira 525 fagaattee argamti.,Afaan Oromo,Location,Harar,Harar,Harari,9.3122,42.1227,manual
108,Harar daawwachuuf yeroo gaarii?,Yeroo hunda daawwachuuf mijattuudha garuu bona keessa baay'ee gaariidha.,Afaan Oromo,Location,Harar,Harar,Harari,9.3122,42.1227,manual
109,Harar maatii waliin deemuun mijataa dhaa?,Eeyyee aadaa fi seenaa barachuuf maatiidhaaf baay'ee mijattuudha.,Afaan Oromo,Location,Harar,Harar,Harari,9.3122,42.1227,manual
110,Harar keessatti suuraa kaasuun danda'amaa?,Eeyyee kellaa fi aadaa ummataa suuraa kaasuun ni danda'ama.,Afaan Oromo,Location,Harar,Harar,Harari,9.3122,42.1227,manual
111,Shashemene eessa jira?,Shaashamanneen naannoo Oromiyaa Godina Arsiitti argamti.,Afaan Oromo,Location,Shashemene,Shashemene,Oromia,7.2000,38.6000,manual
112,Shashemene maal beekama?,Shaashamanneen iddoo jireenya Raastaafaariyaanii (Jamaikaa) ta'uun beekamti.,Afaan Oromo,Location,Shashemene,Shashemene,Oromia,7.2000,38.6000,manual
113,Shashemene keessatti maal gochuun danda'ama?,Aadaa Raastotaa daawwachuu fi muuziqaa Reggae dhaggeeffachuun ni danda'ama.,Afaan Oromo,Location,Shashemene,Shashemene,Oromia,7.2000,38.6000,manual
114,Shashemene bashannanaaf mijataa dhaa?,Eeyyee qilleensa ho'aa fi bashannana aadaa addaa qabdi.,Afaan Oromo,Location,Shashemene,Shashemene,Oromia,7.2000,38.6000,manual
115,Shashemene nageenya qabaa?,Eeyyee magaalaa daldalaa fi nagaa qabdudha.,Afaan Oromo,Location,Shashemene,Shashemene,Oromia,7.2000,38.6000,manual
116,Shashemene keessa hotel jiraa?,Hoteelotni tajaajila adda addaa kennan hedduun ni jiru.,Afaan Oromo,Location,Shashemene,Shashemene,Oromia,7.2000,38.6000,manual
117,Shashemene irraa Finfinnee fageenya meeqa?,Finfinnee irraa kilomeetira 250 fagaattee argamti.,Afaan Oromo,Location,Shashemene,Shashemene,Oromia,7.2000,38.6000,manual
118,Shashemene daawwachuuf yeroo gaarii?,Ji'a Fulbaanaa hanga Caamsaatti daawwachuuf yeroo gaariidha.,Afaan Oromo,Location,Shashemene,Shashemene,Oromia,7.2000,38.6000,manual
119,Shashemene maatii waliin deemuun mijataa dhaa?,Eeyyee aadaa addunyaa baruuf maatiidhaaf mijatuudha.,Afaan Oromo,Location,Shashemene,Shashemene,Oromia,7.2000,38.6000,manual
120,Shashemene keessatti suuraa kaasuun danda'amaa?,Eeyyee aadaa Raastotaa suuraa kaasuun ni danda'ama.,Afaan Oromo,Location,Shashemene,Shashemene,Oromia,7.2000,38.6000,manual
121,Arba Minch eessa jira?,Arbaa Minci naannoo Itoophiyaa Kibbaa keessatti argamti.,Afaan Oromo,Location,Arba Minch,Arba Minch,SNNP,6.0333,37.5500,manual
122,Arba Minch maal beekama?,"Maddi ""Arbaa Minci"" (madda afurtama) fi haroowwan Abayaa fi Caamoon beekamti.",Afaan Oromo,Location,Arba Minch,Arba Minch,SNNP,6.0333,37.5500,manual
123,Arba Minch keessatti maal daawwatama?,Haroowwan naacha daawwachuu fi ganda saba Doorzeetti deemuu ni danda'ama.,Afaan Oromo,Location,Arba Minch,Arba Minch,SNNP,6.0333,37.5500,manual
124,Arba Minch bashannanaaf mijataa dhaa?,Eeyyee rizoortota babbareedoo fi uumama baay'ee namatti tolu qabdi.,Afaan Oromo,Location,Arba Minch,Arba Minch,SNNP,6.0333,37.5500,manual
125,Arba Minch nageenya qabaa?,Eeyyee magaalaa nageenya qabduu fi poolisii naannoon eegamudha.,Afaan Oromo,Location,Arba Minch,Arba Minch,SNNP,6.0333,37.5500,manual
126,Arba Minch keessa hotel jiraa?,Hoteelotni gurguddaa fi loojiin uumamaa hedduun ni jiru.,Afaan Oromo,Location,Arba Minch,Arba Minch,SNNP,6.0333,37.5500,manual
127,Arba Minch irraa Finfinnee fageenya meeqa?,Finfinnee irraa kilomeetira 450 fagaattee argamti.,Afaan Oromo,Location,Arba Minch,Arba Minch,SNNP,6.0333,37.5500,manual
128,Arba Minch daawwachuuf yeroo gaarii?,Bona keessa daawwachuun qurxummii fi bishaan irratti bashannanuuf gaariidha.,Afaan Oromo,Location,Arba Minch,Arba Minch,SNNP,6.0333,37.5500,manual
129,Arba Minch maatii waliin deemuun mijataa dhaa?,Eeyyee maatiin waliin haroo fi bineensota daawwachuuf baay'ee filatamaadha.,Afaan Oromo,Location,Arba Minch,Arba Minch,SNNP,6.0333,37.5500,manual
130,Arba Minch keessatti suuraa kaasuun danda'amaa?,Eeyyee haroowwan suuraa kaasuuf iddoo hunda caala bareedudha.,Afaan Oromo,Location,Arba Minch,Arba Minch,SNNP,6.0333,37.5500,manual
131,Adama eessa jira?,Adaamaan (Naazreet) giddu gala Oromiyaa Godina Shawaa Bahaatti argamti.,Afaan Oromo,Location,Adama,Adama,Oromia,8.5414,39.2689,manual
132,Adama maal beekama?,Adaamaan magaalaa daldalaa industirii fi iddoo bashannana itti baay'atuun beekamti.,Afaan Oromo,Location,Adama,Adama,Oromia,8.5414,39.2689,manual
133,Adama keessatti maal gochuun danda'ama?,Qurxummii Soodaree deemuu hoteelota keessa bashannanuu fi daldala gochuun ni danda'ama.,Afaan Oromo,Location,Adama,Adama,Oromia,8.5414,39.2689,manual
134,Adama bashannanaaf mijataa dhaa?,Eeyyee magaalattiin jireenya halkanii fi hoteelota babbareedoo qabdi.,Afaan Oromo,Location,Adama,Adama,Oromia,8.5414,39.2689,manual
135,Adama nageenya qabaa?,Eeyyee Adaamaan magaalaa tasgabbii fi nageenya qabdudha.,Afaan Oromo,Location,Adama,Adama,Oromia,8.5414,39.2689,manual
136,Adama keessa hotel jiraa?,Hoteelotni sadarkaa addunyaa fi tajaajila gaarii qaban hedduun ni jiru.,Afaan Oromo,Location,Adama,Adama,Oromia,8.5414,39.2689,manual
137,Adama irraa Finfinnee fageenya meeqa?,Finfinnee irraa kilomeetira 100 fagaattee argamti.,Afaan Oromo,Location,Adama,Adama,Oromia,8.5414,39.2689,manual
138,Adama daawwachuuf yeroo gaarii?,Yeroo hunda mijattuudha garuu ji'oota bonaa keessa bashannanuuf gaariidha.,Afaan Oromo,Location,Adama,Adama,Oromia,8.5414,39.2689,manual
139,Adama maatii waliin deemuun mijataa dhaa?,Eeyyee hoteelotni maatiidhaaf mijatan baay'eedha.,Afaan Oromo,Location,Adama,Adama,Oromia,8.5414,39.2689,manual
140,Adama keessatti suuraa kaasuun danda'amaa?,Eeyyee bifa magaalaa fi hoteelota suuraa kaasuun ni danda'ama.,Afaan Oromo,Location,Adama,Adama,Oromia,8.5414,39.2689,manual
141,Dira Dawa eessa jira?,Diree Dawaan naannoo bulchiinsa of danda'e ta'ee baha Itoophiyaatti argamti.,Afaan Oromo,Location,Dire Dawa,Dire Dawa,Dire Dawa,9.6000,41.8667,manual
142,Dira Dawa maal beekama?,Magaalaan tun buufata baaburaa fi gabaa ishee daldalaa guddaan beekamti.,Afaan Oromo,Location,Dire Dawa,Dire Dawa,Dire Dawa,9.6000,41.8667,manual
143,Dira Dawa keessatti maal gochuun danda'ama?,Daldala gochuu nyaata aadaa dhandhamuun fi buufata baaburaa daawwachuun ni danda'ama.,Afaan Oromo,Location,Dire Dawa,Dire Dawa,Dire Dawa,9.6000,41.8667,manual
144,Dira Dawa bashannanaaf mijataa dhaa?,Eeyyee qilleensa ho'aa fi jireenya daldalaa namatti tolu qabdi.,Afaan Oromo,Location,Dire Dawa,Dire Dawa,Dire Dawa,9.6000,41.8667,manual
145,Dira Dawa nageenya qabaa?,Eeyyee Diree Dawaan magaalaa nagaa fi jaalalaati.,Afaan Oromo,Location,Dire Dawa,Dire Dawa,Dire Dawa,9.6000,41.8667,manual
146,Dira Dawa keessa hotel jiraa?,Hoteelotni ammayyaa fi tajaajila gaarii qaban hedduun ni jiru.,Afaan Oromo,Location,Dire Dawa,Dire Dawa,Dire Dawa,9.6000,41.8667,manual
147,Dira Dawa irraa Finfinnee fageenya meeqa?,Finfinnee irraa kilomeetira 515 fagaattee argamti.,Afaan Oromo,Location,Dire Dawa,Dire Dawa,Dire Dawa,9.6000,41.8667,manual
148,Dira Dawa daawwachuuf yeroo gaarii?,Yeroo bonaa keessa deemuun daldalaaf baay'ee mijataadha.,Afaan Oromo,Location,Dire Dawa,Dire Dawa,Dire Dawa,9.6000,41.8667,manual
149,Dira Dawa maatii waliin deemuun mijataa dhaa?,Eeyyee magaalaan tun maatii waliin daldalaaf deemuu filatamaadha.,Afaan Oromo,Location,Dire Dawa,Dire Dawa,Dire Dawa,9.6000,41.8667,manual
150,Dira Dawa keessatti suuraa kaasuun danda'amaa?,Eeyyee buufata baaburaa durii suuraa kaasuun seenaa guddaa qaba.,Afaan Oromo,Location,Dire Dawa,Dire Dawa,Dire Dawa,9.6000,41.8667,manual
151,Semien Mountains eessa jira?,Gaarreen Simien naannoo Amaaraa Godina Gondar keessatti argamu.,Afaan Oromo,Location,Semien Mountains,Gondar,Amhara,13.2500,38.0000,manual
152,Semien Mountains maal beekama?,Paarkiin kun tulluu Ras Dashen fi bineensota addunyaa irratti hin argamneen beekama.,Afaan Oromo,Location,Semien Mountains,Gondar,Amhara,13.2500,38.0000,manual
153,Semien keessatti maal gochuun danda'ama?,Hiking (sochii qaamaa gaaraa) bineensota daawwachuu fi suuraa uumamaa kaasuun ni danda'ama.,Afaan Oromo,Location,Semien Mountains,Gondar,Amhara,13.2500,38.0000,manual
154,Semien bashannanaaf mijataa dhaa?,Eeyyee namoota adventure jaallataniif bakka hunda caalaa mijataadha.,Afaan Oromo,Location,Semien Mountains,Gondar,Amhara,13.2500,38.0000,manual
155,Semien nageenya qabaa?,Eeyyee Paarkiin kun bulchiinsa gaarii fi nageenya qaba.,Afaan Oromo,Location,Semien Mountains,Gondar,Amhara,13.2500,38.0000,manual
156,Semien keessa hotel jiraa?,Magaalaa Gondar fi Dinsho keessatti loojiin ni jiru.,Afaan Oromo,Location,Semien Mountains,Gondar,Amhara,13.2500,38.0000,manual
157,Semien irraa Finfinnee fageenya meeqa?,Finfinnee irraa kilomeetira 800 fagaatee argama.,Afaan Oromo,Location,Semien Mountains,Gondar,Amhara,13.2500,38.0000,manual
158,Semien daawwachuuf yeroo gaarii?,Ji'oota Bonaa keessa deemuun gaara koruuf baay'ee mijataadha.,Afaan Oromo,Location,Semien Mountains,Gondar,Amhara,13.2500,38.0000,manual
159,Semien maatii waliin deemuun mijataa dhaa?,Eeyyee uumama barachuuf maatiidhaaf gaariidha.,Afaan Oromo,Location,Semien Mountains,Gondar,Amhara,13.2500,38.0000,manual
160,Semien keessatti suuraa kaasuun danda'amaa?,Eeyyee tulluuwwan babbareedoo suuraa kaasuuf iddoo addaati.,Afaan Oromo,Location,Semien Mountains,Gondar,Amhara,13.2500,38.0000,manual
161,Lake Langano eessa jira?,Haroon Langaannoo naannoo Oromiyaa Godina Arsiitti argama.,Afaan Oromo,Location,Lake Langano,Langano,Oromia,7.6000,38.7500,manual
162,Lake Langano maal beekama?,Langaannoon haroo bishaan isaa bilharziyaarraa bilisa ta'ee fi daakamuuf mijatuun beekama.,Afaan Oromo,Location,Lake Langano,Langano,Oromia,7.6000,38.7500,manual
163,Lake Langano keessatti maal gochuun danda'ama?,Bishaan keessa daakuu bidiruun deemuu fi rizoortota keessa boqochuun ni danda'ama.,Afaan Oromo,Location,Lake Langano,Langano,Oromia,7.6000,38.7500,manual
164,Lake Langano bashannanaaf mijataa dhaa?,Eeyyee qarqara haroo irratti rizoortota babbareedoo qaba.,Afaan Oromo,Location,Lake Langano,Langano,Oromia,7.6000,38.7500,manual
165,Lake Langano nageenya qabaa?,Eeyyee bakka nageenyis isaa baay'ee amansiisaa ta'edha.,Afaan Oromo,Location,Lake Langano,Langano,Oromia,7.6000,38.7500,manual
166,Lake Langano keessa hotel jiraa?,Rizoortotni sadarkaa addunyaa qaban hedduun haroo cinaa jiru.,Afaan Oromo,Location,Lake Langano,Langano,Oromia,7.6000,38.7500,manual
167,Lake Langano irraa Finfinnee fageenya meeqa?,Finfinnee irraa kilomeetira 200 fagaatee argama.,Afaan Oromo,Location,Lake Langano,Langano,Oromia,7.6000,38.7500,manual
168,Lake Langano daawwachuuf yeroo gaarii?,Yeroo hunda daawwachuuf mijattuudha garuu bona keessa baay'ee gaariidha.,Afaan Oromo,Location,Lake Langano,Langano,Oromia,7.6000,38.7500,manual
169,Lake Langano maatii waliin deemuun mijataa dhaa?,Eeyyee maatiin waliin deemanii bishaan keessa daakuuf iddoo filatamaadha.,Afaan Oromo,Location,Lake Langano,Langano,Oromia,7.6000,38.7500,manual
170,Lake Langano keessatti suuraa kaasuun danda'amaa?,Eeyyee halluu bishaanichaa fi lixinsa biiftuu suuraa kaasuun ni danda'ama.,Afaan Oromo,Location,Lake Langano,Langano,Oromia,7.6000,38.7500,manual
171,Jijiga eessa jira?,Magaalaan Jijigaa naannoo Somaalee Itoophiyaatti argamti.,Afaan Oromo,Location,Jijiga,Jijiga,Somali,9.3500,42.8000,manual
172,Jijiga maal beekama?,Jijigaan magaalaa daldalaa fi aadaa Somaalee calaqqisiistuun beekamti.,Afaan Oromo,Location,Jijiga,Jijiga,Somali,9.3500,42.8000,manual
173,Jijiga keessatti maal gochuun danda'ama?,Daldala gochuu nyaata aadaa Somaalee dhandhamuun ni danda'ama.,Afaan Oromo,Location,Jijiga,Jijiga,Somali,9.3500,42.8000,manual
174,Jijiga bashannanaaf mijataa dhaa?,Eeyyee magaalaa qilleensa ho'aa fi jireenya daldalaa qabduudha.,Afaan Oromo,Location,Jijiga,Jijiga,Somali,9.3500,42.8000,manual
175,Jijiga nageenya qabaa?,Eeyyee magaalattiin nageenya amansiisaa qabdudha.,Afaan Oromo,Location,Jijiga,Jijiga,Somali,9.3500,42.8000,manual
176,Jijiga keessa hotel jiraa?,Hoteelotni tajaajila adda addaa kennan hedduun ni jiru.,Afaan Oromo,Location,Jijiga,Jijiga,Somali,9.3500,42.8000,manual
177,Jijiga irraa Finfinnee fageenya meeqa?,Finfinnee irraa kilomeetira 620 fagaattee argamti.,Afaan Oromo,Location,Jijiga,Jijiga,Somali,9.3500,42.8000,manual
178,Jijiga daawwachuuf yeroo gaarii?,Ji'oota bonaa keessa deemuun daldalaaf baay'ee mijataadha.,Afaan Oromo,Location,Jijiga,Jijiga,Somali,9.3500,42.8000,manual
179,Jijiga maatii waliin deemuun mijataa dhaa?,Eeyyee daldalaaf maatii waliin deemuu filatamaadha.,Afaan Oromo,Location,Jijiga,Jijiga,Somali,9.3500,42.8000,manual
180,Jijiga keessatti suuraa kaasuun danda'amaa?,Eeyyee bifa magaalaa fi aadaa ummataa suuraa kaasuun ni danda'ama.,Afaan Oromo,Location,Jijiga,Jijiga,Somali,9.3500,42.8000,manual
181,Asosa eessa jira?,Magaalaan Asosaa naannoo Beenishaangul Gumuuz keessatti argamti.,Afaan Oromo,Location,Asosa,Asosa,Benishangul-Gumuz,10.0667,34.5333,manual
182,Asosa maal beekama?,Asosaan madda albuuda warqee fi aadaa ummata naannootiin beekamti.,Afaan Oromo,Location,Asosa,Asosa,Benishangul-Gumuz,10.0667,34.5333,manual
183,Asosa keessatti maal gochuun danda'ama?,Aadaa naannoo daawwachuu fi uumama babbareedoo arguun ni danda'ama.,Afaan Oromo,Location,Asosa,Asosa,Benishangul-Gumuz,10.0667,34.5333,manual
184,Asosa bashannanaaf mijataa dhaa?,Eeyyee magaalaa qilleensa madaalawaa qabduudha.,Afaan Oromo,Location,Asosa,Asosa,Benishangul-Gumuz,10.0667,34.5333,manual
185,Asosa nageenya qabaa?,Eeyyee magaalattiin nageenya amansiisaa qabdudha.,Afaan Oromo,Location,Asosa,Asosa,Benishangul-Gumuz,10.0667,34.5333,manual
186,Asosa keessa hotel jiraa?,Hoteelotni tajaajila gaarii kennan ni jiru.,Afaan Oromo,Location,Asosa,Asosa,Benishangul-Gumuz,10.0667,34.5333,manual
187,Asosa irraa Finfinnee fageenya meeqa?,Finfinnee irraa kilomeetira 670 fagaattee argamti.,Afaan Oromo,Location,Asosa,Asosa,Benishangul-Gumuz,10.0667,34.5333,manual
188,Asosa daawwachuuf yeroo gaarii?,Ji'a Fulbaanaa hanga Caamsaatti daawwachuuf yeroo gaariidha.,Afaan Oromo,Location,Asosa,Asosa,Benishangul-Gumuz,10.0667,34.5333,manual
189,Asosa maatii waliin deemuun mijataa dhaa?,Eeyyee aadaa barachuuf maatiidhaaf mijatuudha.,Afaan Oromo,Location,Asosa,Asosa,Benishangul-Gumuz,10.0667,34.5333,manual
190,Asosa keessatti suuraa kaasuun danda'amaa?,Eeyyee uumama naannoo suuraa kaasuun ni danda'ama.,Afaan Oromo,Location,Asosa,Asosa,Benishangul-Gumuz,10.0667,34.5333,manual
191,Gambella eessa jira?,Magaalaan Gambeellaa naannoo Gambeellaatti argamti.,Afaan Oromo,Location,Gambella,Gambella,Gambella,8.2500,34.5833,manual
192,Gambella maal beekama?,Gambeellaan laga Baaroo fi paarkii bineensotaan beekamti.,Afaan Oromo,Location,Gambella,Gambella,Gambella,8.2500,34.5833,manual
193,Gambella keessatti maal gochuun danda'ama?,Laga Baaroo irratti bidiruun deemuu fi bineensota daawwachuun ni danda'ama.,Afaan Oromo,Location,Gambella,Gambella,Gambella,8.2500,34.5833,manual
194,Gambella bashannanaaf mijataa dhaa?,Eeyyee magaalaa qilleensa ho'aa fi uumama addaa qabduudha.,Afaan Oromo,Location,Gambella,Gambella,Gambella,8.2500,34.5833,manual
195,Gambella nageenya qabaa?,Eeyyee magaalattiin nageenya amansiisaa qabdudha.,Afaan Oromo,Location,Gambella,Gambella,Gambella,8.2500,34.5833,manual
196,Gambella keessa hotel jiraa?,Hoteelotni tajaajila gaarii kennan ni jiru.,Afaan Oromo,Location,Gambella,Gambella,Gambella,8.2500,34.5833,manual
197,Gambella irraa Finfinnee fageenya meeqa?,Finfinnee irraa kilomeetira 770 fagaattee argamti.,Afaan Oromo,Location,Gambella,Gambella,Gambella,8.2500,34.5833,manual
198,Gambella daawwachuuf yeroo gaarii?,Ji'oota bonaa keessa deemuun bineensota arguuf baay'ee mijataadha.,Afaan Oromo,Location,Gambella,Gambella,Gambella,8.2500,34.5833,manual
199,Gambella maatii waliin deemuun mijataa dhaa?,Eeyyee uumama barachuuf maatiidhaaf mijatuudha.,Afaan Oromo,Location,Gambella,Gambella,Gambella,8.2500,34.5833,manual
200,Gambella keessatti suuraa kaasuun danda'amaa?,Eeyyee laga Baaroo suuraa kaasuun baay'ee bareeda.,Afaan Oromo,Location,Gambella,Gambella,Gambella,8.2500,34.5833,manual
201,Haroo Bishoftuu irratti maal hojjechuun danda'ama?,Haroo Bishoftuu irratti bidiruu oofuu fi qurxummii qabachuu danda'ama.,Afaan Oromo,Activities,Haroo Bishoftuu,Bishoftu,Oromia,8.7523,38.9814,manual
202,Tulluu Diimtuu irratti maaltu daawwatama?,Tulluu Diimtuu irratti bifa uumamaa gaarrenii fi qilleensa qulqulluu daawwatama.,Afaan Oromo,Activities,Tulluu Diimtuu,Bale,Oromia,6.8247,39.7891,manual
203,Holqa Soof Umar keessatti maaltu argama?,Holqa Soof Umar keessatti dhagaa bifa addaa qabuu fi seenaa amantii durii argama.,Afaan Oromo,Attraction,Soof Umar,Bale,Oromia,6.9061,40.8447,manual
205,Parkii Soodaree keessatti maaltu jira?,Parkii Soodaree keessatti jaldeessa simbirroota fi bishaan ho'aa uumamaa jira.,Afaan Oromo,Attraction,Soodaree,Adama,Oromia,8.4111,39.3889,manual
206,Haroo Langannoo keessatti dhiqachuun sodaachisaadhaa?,Lakki Haroo Langannoo keessatti dhiqachuun nagaadha; bilhaarsiyaa irraas bilisa.,Afaan Oromo,Activities,Haroo Langannoo,Langano,Oromia,7.5833,38.7167,manual
207,Gaarren Baale keessatti bineensota kamtu argama?,Gaarren Baale keessatti Jedala diimaa (Ethiopian Wolf) fi Nyala argachuun danda'ama.,Afaan Oromo,Attraction,Parkii Baale,Bale,Oromia,6.7000,39.7000,manual
208,Kurriftuun maalfaan beekama?,Kurriftuun tajaajila Isphaa (Spa) fi boqonnaa qarqara harootiin beekama.,Afaan Oromo,Activities,Kurriftu,Bishoftu,Oromia,8.7500,38.9800,manual
209,Dirree Ispoortii Adaamaa keessatti maaltu dorgomama?,Dirree Adaamaa keessatti tapha kubbaa miilaa fi dorgommii atileetiksii ilaaluun danda'ama.,Afaan Oromo,Activities,Dirree Adaamaa,Adama,Oromia,8.5400,39.2700,manual
210,Lagni Awaash bakka kamitti madaallii qaba?,Lagni Awaash naannoo Parkii Awaash keessatti bifa bishaan kufaatii (waterfalls) qaba.,Afaan Oromo,Attraction,Laga Awaash,Awash,Oromia,8.8333,40.0167,manual
212,Malkaa Quntturree keessatti maaltu argama?,Malkaa Quntturree keessatti meeshaalee dhagaa durii fi lafee bineensota durii argama.,Afaan Oromo,Attraction,Malkaa Quntturree,Awash,Oromia,8.6833,38.6000,manual
213,Parkii Hara Galaan keessatti boqochuun ni danda'amaa?,Eeyyee qarqara haroo irratti bakki boqonnaa fi kaampii ni jira.,Afaan Oromo,Activities,Hara Galaan,Bishoftu,Oromia,8.7400,38.9700,manual
214,Tulluu Eegduu irratti koochoon balali'uun ni danda'amaa?,Eeyyee Tulluu Eegduun bakka 'paragliding' itti hojjetan beekamaadha.,Afaan Oromo,Activities,Tulluu Eegduu,Bishoftu,Oromia,8.7300,38.9600,manual
215,Fandisoo (Waterfalls) Awaash eessatti argama?,Fandisoon Awaash Parkii Biyoolessaa Awaash keessatti argama.,Afaan Oromo,Attraction,Fandisoo Awaash,Awash,Oromia,8.8500,40.0200,manual
216,Haroo Wonchii irratti maaltu hojjetama?,Haroo Wonchii irratti fardaan deemuun bidiruu oofuu fi gaara yaabuun ni danda'ama.,Afaan Oromo,Activities,Haroo Wonchii,Wonchi,Oromia,8.4700,37.9000,manual
217,Bosona Subaa keessatti harree diidaa ni arginaa?,Lakki bosona Subaa keessatti baay'inaan karkarroo fi deeroo argachuun danda'ama.,Afaan Oromo,Attraction,Bosona Subaa,Sebeta,Oromia,8.9100,38.5300,manual
218,Qarqara Haroo Ziwaay irratti maaltu jira?,Qarqara Haroo Ziwaay irratti gabaa qurxummii fi bakka simbirrootni itti baay'atan jira.,Afaan Oromo,Attraction,Haroo Ziwaay,Ziway,Oromia,7.9000,38.7167,manual
219,Harsadiitti ayyaanni amantii ni kabajamaa?,Eeyyee Haroo Harsadiitti wagga waggaan ayyaanni Irreechaa ni kabajama.,Afaan Oromo,Activities,Haroo Harsadii,Bishoftu,Oromia,8.7600,38.9750,manual
220,Parkii Boolee Lemiitti maaltu hojjetama?,Parkii Boolee Lemiitti industirii uffataa fi oomishaalee adda addaa daawwachuun ni danda'ama.,Afaan Oromo,Activities,Boolee Lemii,Addis Ababa,Oromia,9.0000,38.8500,manual
221,Holqa Incheenii keessatti maaltu argama?,Holqa Incheenii keessatti bifa dhagaa uumamaa ajaa'ibsiisaa fi bishaan jala yaau argama.,Afaan Oromo,Attraction,Holqa Incheenii,Incheeni,Oromia,8.8000,37.8000,manual
222,Bosona Cillamoo keessatti deeroo arguun danda'amaa?,Eeyyee bosonni Cillamoo bakka deeroon (Menelik's Bushbuck) itti baay'atuf beekama.,Afaan Oromo,Attraction,Bosona Cillamoo,Arsi,Oromia,7.8000,39.3000,manual
223,Haroo Shalaatti dhiqachuun ni danda'amaa?,Lakki Haroo Shalaan bishaan xobbee (alkaline) waan ta'eef dhiqachuuf hin ta'u.,Afaan Oromo,Activities,Haroo Shalaa,Shala,Oromia,7.4833,38.6500,manual
224,Bakka Daawwannaa 'Katta' jedhamu maali?,Kattan Tulluu Diimtuu irratti bakka oolfannaa fi fotoo kaasuuf mijatoodha.,Afaan Oromo,Attraction,Katta,Bale,Oromia,6.8500,39.7500,manual
225,Mana mabaa (Museum) Jimmaa keessatti maaltu jira?,Mana mabaa (Museum) Jimmaa keessatti masaraa mootichaa Abbaa Jifaar fi meeshaalee aadaa jira.,Afaan Oromo,Attraction,Museum Jimma,Jimma,Oromia,7.6667,36.8333,manual
226,Haroo Abbayyaa irratti bidiruu saffisaa ni jiraa?,Eeyyee Haroo Abbayyaa irratti tajaajila bidiruu fi geessituu bishaanii ni argattu.,Afaan Oromo,Activities,Haroo Abbayyaa,Arba Minch,Oromia,6.0000,37.5000,manual
227,Parkii Gafarsaa keessatti maaltu jira?,Parkii Gafarsaa keessatti haroo uumamaa fi simbirroota bishaanirraa baay'ee argama.,Afaan Oromo,Attraction,Haroo Gafarsaa,Addis Ababa,Oromia,9.0500,38.6500,manual
228,Gaara Zuquwaalaa yaabuun hammam fudhata?,Zuquwaala miilaan yaabuun sa'aatii sadii hanga afurii fudhachuu danda'a.,Afaan Oromo,Activities,Gaara Zuquwaalaa,Bishoftu,Oromia,8.5333,38.8667,manual
229,Bishaan Kufaatii (Waterfalls) Jinbar eessa jira?,Bishaan Kufaatii Jinbar Gaarren Semeen keessatti argama (Oromiyaa ala).,Afaan Oromo,Attraction,Jinbar Waterfalls,Semien,Amhara,13.2500,38.2000,manual
230,Resortii Soraa keessatti maaltu hojjetama?,Resortii Soraa keessatti 'swimming pool' Isphaa (Spa) fi ispoortii dirree hojjechuun ni danda'ama.,Afaan Oromo,Activities,Resortii Soraa,Bishoftu,Oromia,8.7450,38.9850,manual
231,Bosona Mukatturree keessatti harree diidaa ni arginaa?,Eeyyee Bosona Mukatturree keessatti harree diidaa fakkatan argamu.,Afaan Oromo,Attraction,Bosona Mukatturree,Fitche,Oromia,9.7800,38.7300,manual
232,Lagni Dhidheessaa fotoo kaasuuf gaariidhaa?,Eeyyee naannoon Laga Dhidheessaa bifa uumamaa fi qarqara bishaanii bareeda qaba.,Afaan Oromo,Attraction,Laga Dhidheessaa,Nekemte,Oromia,9.1000,36.1500,manual
233,Parkii Oromiyaa keessatti Leenci ni jiraa?,Lakki parkiiwwan Oromiyaa keessatti leenci baay'inaan hin argamu; baay'inaan sardiida fi waraabessa.,Afaan Oromo,Attraction,Wildlife,Various,Oromia,8.0000,38.0000,manual
234,Haroo Chelelekaatti simbirroota arguun danda'amaa?,Eeyyee Haroo Chelelekaan naannoo simbirrootni itti baay'atan beekamaadha.,Afaan Oromo,Attraction,Haroo Cheleleka,Bishoftu,Oromia,8.7700,38.9800,manual
235,Resortii Babogayyaa irratti maal hojjechuun danda'ama?,Resortii Babogayyaa irratti dhiqachuu qurxummii nyaachuu fi boqochuun ni danda'ama.,Afaan Oromo,Activities,Resortii Babogayyaa,Bishoftu,Oromia,8.7650,38.9950,manual
236,Tulluu Furii irratti deemsa miilaa ni jabaataa?,Eeyyee Tulluu Furii yaabuun xiqqoo jabaadhus jala madaallii bareeda qaba.,Afaan Oromo,Activities,Tulluu Furii,Addis Ababa,Oromia,8.9000,38.6800,manual
237,Holqa Gurraachaa keessatti maaltu argama?,Holqa Gurraachaa keessatti dhagaa fakkii adda addaa qabuu fi bishaan jala yaau argama.,Afaan Oromo,Attraction,Holqa Gurraachaa,Bale,Oromia,6.9500,40.8000,manual
238,Haroo Garba Gurraachaa irratti bidiruu oofuun danda'amaa?,Eeyyee Garba Gurraachaa irratti tajaajila bidiruu fi kireessuu ni argattu.,Afaan Oromo,Activities,Garba Gurraachaa,Bale,Oromia,6.7200,39.7800,manual
239,Parkii 'Senkele' keessatti bineensa kamtu eegama?,Parkii Senkele keessatti gosa deeroo 'Swayne's Hartebeest' jedhamu qofatu eegama.,Afaan Oromo,Attraction,Parkii Senkele,Hawassa,Oromia,7.1000,38.3000,manual
240,Bishaan Kufaatii (Waterfalls) Gur keessatti maaltu jira?,Bishaan Kufaatii Gur keessatti bishaan diilallaa'aa uumamaa fi naannoo jala madaallii argama.,Afaan Oromo,Attraction,Bishaan Kufaatii Gur,Arsi,Oromia,7.7000,39.4000,manual
241,Resortii Laga Haawaasitti maal hojjetama?,Resortii Laga Haawaasitti bishaan ho'aa uumamaa dhiqachuu fi boqochuun ni danda'ama.,Afaan Oromo,Activities,Resortii Laga Haawaas,Adama,Oromia,8.4000,39.4000,manual
242,Bosona Danbii keessatti simbirroota daawwachuun danda'amaa?,Eeyyee Bosonni Danbii gosa simbirroota baay'eef bakka jireenyaati.,Afaan Oromo,Attraction,Bosona Danbii,Gimbi,Oromia,9.1500,35.8000,manual
243,Haroo Dandii irratti koochoon balali'uun ni danda'amaa?,Lakki tajaajilli 'paragliding' Haroo Dandii irratti hin jiru.,Afaan Oromo,Activities,Haroo Dandii,Dandi,Oromia,8.8333,38.0000,manual
244,Malkaa Bunturee keessatti maaltu argama?,Malkaa Bunturee keessatti bakka hojiikaa aadaa fi meeshaalee qonnaa durii argama.,Afaan Oromo,Attraction,Malkaa Bunturee,Awash,Oromia,8.6000,38.5000,manual
245,Gaara Beexoo irratti deemsa miilaa hojjechuun ni danda'amaa?,Eeyyee Gaara Beexoo yaabuun madaallii magaalota nannoo daawwachuuf gaariidha.,Afaan Oromo,Activities,Gaara Beexoo,Ada'a,Oromia,8.8000,39.0000,manual
246,Haroo Abijjaataatti harree diidaa ni arginaa?,Eeyyee naannoo Haroo Abijjaata fi Shalaa keessatti harree diidaa (Zebra) argachuun danda'ama.,Afaan Oromo,Attraction,Haroo Abijjaata,Abijatta,Oromia,7.6167,38.6000,manual
247,Resortii Bishoftuun tajaajila Isphaa (Spa) qabaa?,Eeyyee Resortii Bishoftuu tajaajila Isphaa fi masaaajii bal'aa qaba.,Afaan Oromo,Activities,Resortii Bishoftuu,Bishoftu,Oromia,8.7510,38.9810,manual
248,Parkii Awash keessatti bineensota halkan arguun danda'amaa?,Eeyyee daawwannaa halkan raawwachuun jeedala fi waraabessa arguun ni danda'ama.,Afaan Oromo,Activities,Parkii Awash,Awash,Oromia,8.8333,40.0167,manual
249,Bishaan Tuluu keessatti 'swimming pool' ni juraa?,Lakki Bishaan Tuluu keessatti bishaan ho'aa uumamaa qofatu jira.,Afaan Oromo,Activities,Bishaan Tuluu,Adama,Oromia,8.5414,39.2689,manual
250,Bosona Anfilloo keessatti maaltu daawwatama?,Bosona Anfilloo keessatti gosa mukeenii gurguddaa fi bineensota bosonaa argama.,Afaan Oromo,Attraction,Bosona Anfilloo,Dembidolo,Oromia,8.6000,34.8000,manual
251,Haroo Wonchii irratti kaampii dhaabuun danda'amaa?,Eeyyee qarqara haroo Wonchii irratti bakki kaampii fi dunkaanaa ni jira.,Afaan Oromo,Activities,Haroo Wonchii,Wonchi,Oromia,8.4700,37.9000,manual
253,Gaara Zuquwaalaa irratti fotoo kaasun danda'amaa?,Eeyyee Gaara Zuquwaalaa irratti fotoo bifa uumamaa fi haroo tulluu irraa daawwachun danda'ama.,Afaan Oromo,Activities,Gaara Zuquwaalaa,Bishoftu,Oromia,8.5333,38.8667,manual
255,Resortii Kurriftuutti bidiruu saffisaa ni jiraa?,Eeyyee Resortii Kurriftuu tajaajila bidiruu fi kireessuu ni argattu.,Afaan Oromo,Activities,Resortii Kurriftuu,Bishoftu,Oromia,8.7500,38.9800,manual
256,Parkii Yaaballoo keessatti Leenci ni jiraa?,Lakki Parkii Yaaballoo keessatti Leenci hin jiru; baay'inaan harree diidaa fi simbirrootadha.,Afaan Oromo,Attraction,Parkii Yaaballoo,Yabelo,Oromia,4.8833,38.1333,manual
257,Haroo Ziwaay irratti qurxummii qabachuun danda'amaa?,Eeyyee Haroo Ziwaay irratti dorgommii qurxummii qabachuu ni raawwatama.,Afaan Oromo,Activities,Haroo Ziwaay,Ziway,Oromia,7.9000,38.7167,manual
259,Resortii Soraa keessatti 'swimming pool' ni jiraa?,Eeyyee Resortii Soraa keessatti 'swimming pool' bal'aa ni argattu.,Afaan Oromo,Activities,Resortii Soraa,Bishoftu,Oromia,8.7450,38.9850,manual
260,Bosona Subaa keessatti deeroo arguun danda'amaa?,Eeyyee Bosona Subaa keessatti deeroo fi karkarroo argachuun danda'ama.,Afaan Oromo,Attraction,Bosona Subaa,Sebeta,Oromia,8.9100,38.5300,manual
261,Haroo Chelelekaatti simbirrootni hammam baay'atu?,Haroo Chelelekaatti simbirroota gosa baay'ee fi lakkoofsaan hedduu arguun danda'ama.,Afaan Oromo,Attraction,Haroo Cheleleka,Bishoftu,Oromia,8.7700,38.9800,manual
262,Resortii Babogayyaa irratti qurxummii nyaachuun danda'amaa?,Eeyyee Resortii Babogayyaa irratti qurxummii haroo irraa qabame nyaachuun ni danda'ama.,Afaan Oromo,Activities,Resortii Babogayyaa,Bishoftu,Oromia,8.7650,38.9950,manual
263,Tulluu Eegduu irratti koochoon balali'uun ni juraa?,Eeyyee Tulluu Eegduun bakka 'paragliding' itti hojjetan beekamaadha.,Afaan Oromo,Activities,Tulluu Eegduu,Bishoftu,Oromia,8.7300,38.9600,manual
264,Malkaa Bunturee keessatti meeshaalee aadaa ni arginaa?,Eeyyee Malkaa Bunturee keessatti meeshaalee aadaa fi qonnaa durii daawwachuun danda'ama.,Afaan Oromo,Attraction,Malkaa Bunturee,Awash,Oromia,8.6000,38.5000,manual
265,Haroo Dandii irratti fardaan deemuun danda'amaa?,Eeyyee qarqara haroo Dandii irratti tajaajila fardaan deemuun ni jura.,Afaan Oromo,Activities,Haroo Dandii,Dandi,Oromia,8.8333,38.0000,manual
266,Parkii Awash keessatti waraabessa halkan arguun danda'amaa?,Eeyyee daawwannaa halkan raawwachuun waraabessa arguun ni danda'ama.,Afaan Oromo,Activities,Parkii Awash,Awash,Oromia,8.8333,40.0167,manual
267,Bishaan Tuluu keessatti bishaan waaduun danda'amaa?,Eeyyee bishaan ho'aa Tuluu keessatti dhiqachuun ni danda'ama.,Afaan Oromo,Activities,Bishaan Tuluu,Adama,Oromia,8.5414,39.2689,manual
269,Resortii Kurriftuutti Isphaa (Spa) ni juraa?,Eeyyee Resortii Kurriftuu tajaajila Isphaa fi masaaajii bal'aa qaba.,Afaan Oromo,Activities,Resortii Kurriftuu,Bishoftu,Oromia,8.7500,38.9800,manual
270,Bosona Anfilloo keessatti bineensota bosonaa ni arginaa?,Eeyyee Bosona Anfilloo keessatti gosa bineensota bosonaa xixiqqoo arguun danda'ama.,Afaan Oromo,Attraction,Bosona Anfilloo,Dembidolo,Oromia,8.6000,34.8000,manual
271,Haroo Wonchii irratti bidiruu saffisaa ni juraa?,Lakki bidiruun saffisaa haroo Wonchii irratti hin jiru.,Afaan Oromo,Activities,Haroo Wonchii,Wonchi,Oromia,8.4700,37.9000,manual
272,Tulluu Furii yaabuun hammam fudhata?,Tulluu furii yaabuun xiqqoo jabaadhus jala madaallii bareeda qaba.,Afaan Oromo,Activities,Tulluu Furii,Addis Ababa,Oromia,8.9000,38.6800,manual
273,Holqa Incheenii keessatti dhagaa fakkii adda addaa ni arginaa?,Eeyyee Holqa Incheenii keessatti bifa dhagaa uumamaa ajaa'ibsiisaa argama.,Afaan Oromo,Attraction,Holqa Incheenii,Incheeni,Oromia,8.8000,37.8000,manual
274,Resortii Soraa keessatti 'swimming pool' ni juraa?,Eeyyee Resortii Soraa keessatti 'swimming pool' bal'aa ni argattu.,Afaan Oromo,Activities,Resortii Soraa,Bishoftu,Oromia,8.7450,38.9850,manual
275,Bosona Mukatturree keessatti deeroo ni arginaa?,Eeyyee Bosona Mukatturree keessatti harree diidaa fi deeroo argachuun danda'ama.,Afaan Oromo,Attraction,Bosona Mukatturree,Fitche,Oromia,9.7800,38.7300,manual
276,Haroo Chelelekaatti qurxummii nyaachuun danda'amaa?,Eeyyee qurxummii haroo Cheleleka irraa qabame naannoo sanatti nyaachuun danda'ama.,Afaan Oromo,Activities,Haroo Cheleleka,Bishoftu,Oromia,8.7700,38.9800,manual
277,Resortii Babogayyaa irratti Isphaa (Spa) ni juraa?,Lakki Resortii Babogayyaa tajaajila Isphaa hin qabu.,Afaan Oromo,Activities,Resortii Babogayyaa,Bishoftu,Oromia,8.7650,38.9950,manual
278,Gaara furii irratti 'paragliding' ni juraa?,Lakki tajaajilli 'paragliding' Gaara furii irratti hin jiru.,Afaan Oromo,Activities,Gaara furii,Addis Ababa,Oromia,8.9000,38.6800,manual
279,Malkaa Quntturree keessatti meeshaalee hojiikaa aadaa ni arginaa?,Eeyyee Malkaa Quntturree keessatti meeshaalee hojiikaa aadaa daawwachuun danda'ama.,Afaan Oromo,Attraction,Malkaa Quntturree,Awash,Oromia,8.6833,38.6000,manual
280,Haroo Abbayyaa irratti bidiruu oofuun danda'amaa?,Eeyyee Haroo Abbayyaa irratti bidiruu kireessuu fi oofuun ni danda'ama.,Afaan Oromo,Activities,Haroo Abbayyaa,Arba Minch,Oromia,6.0000,37.5000,manual
281,Resortii Soraa keessatti bidiruu saffisaa ni juraa?,Eeyyee Resortii Soraa keessatti bidiruu saffisaa fi qurxummii saffisaa qabachuu ni jura.,Afaan Oromo,Activities,Resortii Soraa,Bishoftu,Oromia,8.7450,38.9850,manual
282,Bosona Cillamoo keessatti bineensota bosonaa ni arginaa?,Eeyyee Bosona Cillamoo keessatti deeroo fi bineensota bosonaa xixiqqoo argachuun danda'ama.,Afaan Oromo,Attraction,Bosona Cillamoo,Arsi,Oromia,7.8000,39.3000,manual
283,Haroo Chelelekaatti dhiqachuun danda'amaa?,Lakki Haroo Cheleleka keessatti dhiqachuun sodaachisaadha.,Afaan Oromo,Activities,Haroo Cheleleka,Bishoftu,Oromia,8.7700,38.9800,manual
284,Resortii Babogayyaa irratti bidiruu saffisaa ni juraa?,Eeyyee Resortii Babogayyaa irratti bidiruu saffisaa fi qurxummii saffisaa qabachuu ni jura.,Afaan Oromo,Activities,Resortii Babogayyaa,Bishoftu,Oromia,8.7650,38.9950,manual
285,Gaara furii irratti fardaan deemuun ni juraa?,Eeyyee tajaajilli fardaan deemuun Gaara furii irratti xiqqoo ni jura.,Afaan Oromo,Activities,Gaara furii,Addis Ababa,Oromia,8.9000,38.6800,manual
286,Malkaa Bunturee keessatti meeshaalee qonnaa durii daawwachuun danda'amaa?,Eeyyee Malkaa Bunturee keessatti meeshaalee qonnaa durii daawwachuun danda'ama.,Afaan Oromo,Attraction,Malkaa Bunturee,Awash,Oromia,8.6000,38.5000,manual
287,Haroo Ziwaay irratti simbirrootni hammam baay'atu?,Haroo Ziwaay simbirroota gosa baay'ee fi lakkoofsaan hedduu arguun danda'ama.,Afaan Oromo,Attraction,Haroo Ziwaay,Ziway,Oromia,7.9000,38.7167,manual
288,Resortii Kurriftuutti bidiruu saffisaa ni juraa?,Eeyyee Resortii Kurriftuu tajaajila bidiruu saffisaa fi qurxummii saffisaa qaba.,Afaan Oromo,Activities,Resortii Kurriftuu,Bishoftu,Oromia,8.7500,38.9800,manual
289,Bosona Anfilloo keessatti harree diidaa ni arginaa?,Lakki Bosona Anfilloo keessatti harree diidaa hin jiru; baay'inaan gosa bineensota bosonaa xixiqqoo argamu.,Afaan Oromo,Attraction,Bosona Anfilloo,Dembidolo,Oromia,8.6000,34.8000,manual
290,Haroo Wonchii irratti 'jet ski' ni juraa?,Lakki tajaajilli 'jet ski' Haroo wonchii irratti hin jiru.,Afaan Oromo,Activities,Haroo Wonchii,Wonchi,Oromia,8.4700,37.9000,manual
291,Gaara furii irratti fardaan deemuun danda'amaa?,Eeyyee Gaara fury irratti fardaan deemuun ni jura.,Afaan Oromo,Activities,Gaara furii,Addis Ababa,Oromia,8.9000,38.6800,manual
292,Holqa Soof Umar keessatti leenci ni arginaa?,Lakki Holqa Soof Umar keessatti leenci hin jiru.,Afaan Oromo,Attraction,Holqa Soof Umar,Bale,Oromia,6.9061,40.8447,manual
293,Resortii Babogayyaa irratti bidiruu saffisaa kireessuun danda'amaa?,Eeyyee Resortii Babogayyaa irratti bidiruu saffisaa kireessuun ni danda'ama.,Afaan Oromo,Activities,Resortii Babogayyaa,Bishoftu,Oromia,8.7650,38.9950,manual
294,Parkii Yaaballoo keessatti bineensota bosonaa ni arginaa?,Eeyyee Parkii Yaaballoo keessatti harree diidaa fi simbirroot addaa arguun danda'ama.,Afaan Oromo,Attraction,Parkii Yaaballoo,Yabelo,Oromia,4.8833,38.1333,manual
295,Haroo Abbayyaa irratti simbirrootni hammam baay'atu?,Haroo Abbayyaa simbirroota gosa baay'ee fi lakkoofsaan hedduu arguun danda'ama.,Afaan Oromo,Attraction,Haroo Abbayyaa,Arba Minch,Oromia,6.0000,37.5000,manual
296,Resortii Soraa keessatti bidiruu kireessuun danda'amaa?,Eeyyee Resortii Soraa keessatti bidiruu kireessuun ni danda'ama.,Afaan Oromo,Activities,Resortii Soraa,Bishoftu,Oromia,8.7450,38.9850,manual
297,Bosona Cillamoo keessatti harree diidaa ni arginaa?,Lakki Bosona Cillamoo keessatti harree diidaa hin jiru; baay'inaan deeroo fi bineensota bosonaa xixiqqoo argamu.,Afaan Oromo,Attraction,Bosona Cillamoo,Arsi,Oromia,7.8000,39.3000,manual
298,Haroo Chelelekaatti bidiruu oofuun danda'amaa?,Lakki Haroo Cheleleka keessatti tajaajilli bidiruu oofuun hin jiru.,Afaan Oromo,Activities,Haroo Cheleleka,Bishoftu,Oromia,8.7700,38.9800,manual
299,Resortii Babogayyaa irratti Isphaa (Spa) ni juraa?,Lakki Resortii Babogayyaa tajaajila Isphaa hin qabu.,Afaan Oromo,Activities,Resortii Babogayyaa,Bishoftu,Oromia,8.7650,38.9950,manual
300,Gaara furii irratti koochoon balali'uun ni danda'amaa?,Lakki tajaajilli 'paragliding' Gaara furii irratti hin jiru.,Afaan Oromo,Activities,Gaara furii,Addis Ababa,Oromia,8.9000,38.6800,manual
301,Kofele eessa jira?,Kofeleen naannoo Oromiyaa Godina Arsi Lixaa keessatti argamti.,Afaan Oromo,Location,Kofele,Kofele,Oromia,7.0667,38.7833,manual
302,Kofele maal beekama?,Kofeleen oomisha qonnaa fi looniin beekamti.,Afaan Oromo,Attraction,Kofele,Kofele,Oromia,7.0667,38.7833,manual
303,Kofele keessatti maal daawwatama?,Aadaa naannoo fi gabaa oomisha qonnaa daawwachuun danda'ama.,Afaan Oromo,Attraction,Kofele,Kofele,Oromia,7.0667,38.7833,manual
304,Kofele keessa hotel ni juraa?,Eeyyee hoteelotni xixiqqoon tajaajila adda addaa kennan ni jiru.,Afaan Oromo,Activities,Kofele,Kofele,Oromia,7.0667,38.7833,manual
305,Kofele nageenya qabaa?,Eeyyee Kofeleen naannoo tasgabbii fi nagaa qabdudha.,Afaan Oromo,Attraction,Kofele,Kofele,Oromia,7.0667,38.7833,manual
306,Kofele maatii waliin deemuun mijataa dhaa?,Eeyyee Kofeleen maatii waliin deemuun qorannoo aadaa taasisuuf mijataadha.,Afaan Oromo,Attraction,Kofele,Kofele,Oromia,7.0667,38.7833,manual
307,Hagere Mariam eessa jira?,Hagere Maaram naannoo Oromiyaa Godina Booranaatti argamti.,Afaan Oromo,Location,Hagere Mariam,Hagere Mariam,Oromia,5.6333,38.2333,manual
308,Hagere Mariam maal beekama?,Hagere Maaram daldalaa fi oomisha Bunaan beekamti.,Afaan Oromo,Attraction,Hagere Mariam,Hagere Mariam,Oromia,5.6333,38.2333,manual
309,Hagere Mariam keessatti maal daawwatama?,Aadaa naannoo fi gabaa Bunaa daawwachuun danda'ama.,Afaan Oromo,Attraction,Hagere Mariam,Hagere Mariam,Oromia,5.6333,38.2333,manual
310,Hagere Mariam keessa hotel ni juraa?,Eeyyee hoteelotni xixiqqoon tajaajila adda addaa kennan ni jiru.,Afaan Oromo,Activities,Hagere Mariam,Hagere Mariam,Oromia,5.6333,38.2333,manual
311,Hagere Mariam nageenya qabaa?,Eeyyee Hagere Maaram naannoo tasgabbii fi nagaa qabdudha.,Afaan Oromo,Attraction,Hagere Mariam,Hagere Mariam,Oromia,5.6333,38.2333,manual
312,Hagere Mariam maatii waliin deemuun mijataa dhaa?,Eeyyee Hagere Maaram maatii waliin deemuun qorannoo aadaa taasisuuf mijataadha.,Afaan Oromo,Attraction,Hagere Mariam,Hagere Mariam,Oromia,5.6333,38.2333,manual
313,Yabelo eessa jira?,Yaabeloon naannoo Oromiyaa Godina Booranaatti argamti.,Afaan Oromo,Location,Yabelo,Yabelo,Oromia,4.8833,38.1333,manual
314,Yabelo maal beekama?,Yaabeloon Parkii Booranaatiin fi aadaa keessummeessaan beekamti.,Afaan Oromo,Attraction,Yabelo,Yabelo,Oromia,4.8833,38.1333,manual
315,Yabelo keessatti maal daawwatama?,Parkii Booranaa fi aadaa naannoo daawwachuun danda'ama.,Afaan Oromo,Attraction,Yabelo,Yabelo,Oromia,4.8833,38.1333,manual
316,Yabelo keessa hotel ni juraa?,Eeyyee hoteelotni xixiqqoon tajaajila adda addaa kennan ni jiru.,Afaan Oromo,Activities,Yabelo,Yabelo,Oromia,4.8833,38.1333,manual
317,Yabelo nageenya qabaa?,Eeyyee Yaabeloon naannoo tasgabbii fi nagaa qabdudha.,Afaan Oromo,Attraction,Yabelo,Yabelo,Oromia,4.8833,38.1333,manual
318,Yabelo maatii waliin deemuun mijataa dhaa?,Eeyyee Yaabeloon maatii waliin deemuun qorannoo aadaa taasisuuf mijataadha.,Afaan Oromo,Attraction,Yabelo,Yabelo,Oromia,4.8833,38.1333,manual
319,Moyale eessa jira?,Moyaaleen daangaa Itoophiyaa fi Keeniyaa irratti argamti.,Afaan Oromo,Location,Moyale,Moyale,Oromia,3.5167,39.0500,manual
320,Moyale maal beekama?,Moyaaleen daldalaa fi sochii daangaa irratti addaan beekamti.,Afaan Oromo,Attraction,Moyale,Moyale,Oromia,3.5167,39.0500,manual
321,Moyale keessatti maal gochuun danda'ama?,Daldala gochuu fi aadaa sabaa daawwachuun ni danda'ama.,Afaan Oromo,Activities,Moyale,Moyale,Oromia,3.5167,39.0500,manual
322,Moyale nageenya qabaa?,Eeyyee Moyaaleen naannoo tasgabbii fi nagaa qabdudha.,Afaan Oromo,Attraction,Moyale,Moyale,Oromia,3.5167,39.0500,manual
323,Moyale keessa hotel ni juraa?,Eeyyee hoteelotni xixiqqoon tajaajila adda addaa kennan ni jiru.,Afaan Oromo,Activities,Moyale,Moyale,Oromia,3.5167,39.0500,manual
324,Moyale maatii waliin deemuun mijataa dhaa?,Eeyyee Moyaaleen maatii waliin deemuun daldala taasisuuf mijataadha.,Afaan Oromo,Attraction,Moyale,Moyale,Oromia,3.5167,39.0500,manual
325,Negele Boran eessa jira?,Nageelle Booranaa naannoo Oromiyaa Godina Gujiitti argamti.,Afaan Oromo,Location,Negele Boran,Negele Boran,Oromia,5.3333,39.5833,manual
326,Negele Boran maal beekama?,Nageelle Booranaa daldalaa fi oomisha looniin beekamti.,Afaan Oromo,Attraction,Negele Boran,Negele Boran,Oromia,5.3333,39.5833,manual
327,Negele Boran keessatti maal daawwatama?,Aadaa naannoo fi gabaa loonii daawwachuun danda'ama.,Afaan Oromo,Attraction,Negele Boran,Negele Boran,Oromia,5.3333,39.5833,manual
328,Negele Boran keessa hotel ni juraa?,Eeyyee hoteelotni xixiqqoon tajaajila adda addaa kennan ni jiru.,Afaan Oromo,Activities,Negele Boran,Negele Boran,Oromia,5.3333,39.5833,manual
329,Negele Boran nageenya qabaa?,Eeyyee Nageelle Booranaa naannoo tasgabbii fi nagaa qabdudha.,Afaan Oromo,Attraction,Negele Boran,Negele Boran,Oromia,5.3333,39.5833,manual
330,Negele Boran maatii waliin deemuun mijataa dhaa?,Eeyyee Nageelle Booranaa maatii waliin deemuun qorannoo aadaa taasisuuf mijataadha.,Afaan Oromo,Attraction,Negele Boran,Negele Boran,Oromia,5.3333,39.5833,manual
331,Gidami eessa jira?,Gidamiin naannoo Oromiyaa Godina Wallagga lixaa Keessatti argamti.,Afaan Oromo,Location,Gidami,Gidami,Oromia,9.0000,34.8167,manual
332,Gidami maal beekama?,Gidamiin oomisha qonnaa fi aadaa keessummeessaan beekamti.,Afaan Oromo,Attraction,Gidami,Gidami,Oromia,9.0000,34.8167,manual
333,Gidami keessatti maal daawwatama?,Aadaa naannoo fi gabaa oomisha qonnaa daawwachuun danda'ama.,Afaan Oromo,Attraction,Gidami,Gidami,Oromia,9.0000,34.8167,manual
334,Gidami keessa hotel ni juraa?,Eeyyee hoteelotni xixiqqoon tajaajila adda addaa kennan ni jiru.,Afaan Oromo,Activities,Gidami,Gidami,Oromia,9.0000,34.8167,manual
335,Gidami nageenya qabaa?,Eeyyee Gidamiin naannoo tasgabbii fi nagaa qabdudha.,Afaan Oromo,Attraction,Gidami,Gidami,Oromia,9.0000,34.8167,manual
336,Gidami maatii waliin deemuun mijataa dhaa?,Eeyyee Gidamiin maatii waliin deemuun qorannoo aadaa taasisuuf mijataadha.,Afaan Oromo,Attraction,Gidami,Gidami,Oromia,9.0000,34.8167,manual
337,Mendi eessa jira?,Mendiin naannoo Oromiyaa Godina Wallagga Keessatti argamti.,Afaan Oromo,Location,Mendi,Mendi,Oromia,9.7833,35.1000,manual
338,Mendi maal beekama?,Mendiin oomisha qonnaa fi daldalaan beekamti.,Afaan Oromo,Attraction,Mendi,Mendi,Oromia,9.7833,35.1000,manual
339,Mendi keessatti maal daawwatama?,Aadaa naannoo fi gabaa oomisha qonnaa daawwachuun danda'ama.,Afaan Oromo,Attraction,Mendi,Mendi,Oromia,9.7833,35.1000,manual
340,Mendi keessa hotel ni juraa?,Eeyyee hoteelotni xixiqqoon tajaajila adda addaa kennan ni jiru.,Afaan Oromo,Activities,Mendi,Mendi,Oromia,9.7833,35.1000,manual
341,Mendi nageenya qabaa?,Eeyyee Mendiin naannoo tasgabbii fi nagaa qabdudha.,Afaan Oromo,Attraction,Mendi,Mendi,Oromia,9.7833,35.1000,manual
342,Mendi maatii waliin deemuun mijataa dhaa?,Eeyyee Mendiin maatii waliin deemuun qorannoo aadaa taasisuuf mijataadha.,Afaan Oromo,Attraction,Mendi,Mendi,Oromia,9.7833,35.1000,manual
343,Gimbi eessa jira?,Gimbiin naannoo Oromiyaa Godina Wallagga Keessatti argamti.,Afaan Oromo,Location,Gimbi,Gimbi,Oromia,9.1667,35.8333,manual
344,Gimbi maal beekama?,Gimbiin daldalaa fi oomisha Bunaan beekamti.,Afaan Oromo,Attraction,Gimbi,Gimbi,Oromia,9.1667,35.8333,manual
345,Gimbi keessatti maal daawwatama?,Aadaa naannoo fi gabaa Bunaa daawwachuun danda'ama.,Afaan Oromo,Attraction,Gimbi,Gimbi,Oromia,9.1667,35.8333,manual
346,Gimbi keessa hotel ni juraa?,Eeyyee hoteelotni xixiqqoon tajaajila adda addaa kennan ni jiru.,Afaan Oromo,Activities,Gimbi,Gimbi,Oromia,9.1667,35.8333,manual
347,Gimbi nageenya qabaa?,Eeyyee Gimbiin naannoo tasgabbii fi nagaa qabdudha.,Afaan Oromo,Attraction,Gimbi,Gimbi,Oromia,9.1667,35.8333,manual
348,Gimbi maatii waliin deemuun mijataa dhaa?,Eeyyee Gimbiin maatii waliin deemuun qorannoo aadaa taasisuuf mijataadha.,Afaan Oromo,Attraction,Gimbi,Gimbi,Oromia,9.1667,35.8333,manual
349,Nekemte eessa jira?,Neqemteen naannoo Oromiyaa Godina Wallagga Keessatti argamti.,Afaan Oromo,Location,Nekemte,Nekemte,Oromia,9.0833,36.5500,manual
351,Nekemte keessatti maal daawwatama?,Museum Neqemtee fi aadaa naannoo daawwachuun danda'ama.,Afaan Oromo,Attraction,Nekemte,Nekemte,Oromia,9.0833,36.5500,manual
352,Nekemte keessa hotel ni juraa?,Eeyyee hoteelotni xixiqqoon tajaajila adda addaa kennan ni jiru.,Afaan Oromo,Activities,Nekemte,Nekemte,Oromia,9.0833,36.5500,manual
353,Nekemte nageenya qabaa?,Eeyyee Neqemteen naannoo tasgabbii fi nagaa qabdudha.,Afaan Oromo,Attraction,Nekemte,Nekemte,Oromia,9.0833,36.5500,manual
354,Nekemte maatii waliin deemuun mijataa dhaa?,Eeyyee Neqemteen maatii waliin deemuun qorannoo aadaa taasisuuf mijataadha.,Afaan Oromo,Attraction,Nekemte,Nekemte,Oromia,9.0833,36.5500,manual
355,Dembi Dolo eessa jira?,Dembi Doolloon naannoo Oromiyaa Godina Wallagga Keessatti argamti.,Afaan Oromo,Location,Dembi Dolo,Dembi Dolo,Oromia,8.6000,34.8000,manual
356,Dembi Dolo maal beekama?,Dembi Doolloon daldalaa fi oomisha Bunaan beekamti.,Afaan Oromo,Attraction,Dembi Dolo,Dembi Dolo,Oromia,8.6000,34.8000,manual
357,Dembi Dolo keessatti maal daawwatama?,Aadaa naannoo fi gabaa Bunaa daawwachuun danda'ama.,Afaan Oromo,Attraction,Dembi Dolo,Dembi Dolo,Oromia,8.6000,34.8000,manual
358,Dembi Dolo keessa hotel ni juraa?,Eeyyee hoteelotni xixiqqoon tajaajila adda addaa kennan ni jiru.,Afaan Oromo,Activities,Dembi Dolo,Dembi Dolo,Oromia,8.6000,34.8000,manual
359,Dembi Dolo nageenya qabaa?,Eeyyee Dembi Doolloon naannoo tasgabbii fi nagaa qabdudha.,Afaan Oromo,Attraction,Dembi Dolo,Dembi Dolo,Oromia,8.6000,34.8000,manual
360,Dembi Dolo maatii waliin deemuun mijataa dhaa?,Eeyyee Dembi Doolloon maatii waliin deemuun qorannoo aadaa taasisuuf mijataadha.,Afaan Oromo,Attraction,Dembi Dolo,Dembi Dolo,Oromia,8.6000,34.8000,manual
361,Bedele eessa jira?,Bedelleen naannoo Oromiyaa Godina Bunnoo Bedelleetti argamti.,Afaan Oromo,Location,Bedele,Bedele,Oromia,8.4500,36.3333,manual
362,Bedele maal beekama?,Bedelleen oomisha Biiraatiin fi qonnaan beekamti.,Afaan Oromo,Attraction,Bedele,Bedele,Oromia,8.4500,36.3333,manual
363,Bedele keessatti maal daawwatama?,Factirii Biiraa Bedellee fi aadaa naannoo daawwachuun danda'ama.,Afaan Oromo,Attraction,Bedele,Bedele,Oromia,8.4500,36.3333,manual
364,Bedele keessa hotel ni juraa?,Eeyyee hoteelotni xixiqqoon tajaajila adda addaa kennan ni jiru.,Afaan Oromo,Activities,Bedele,Bedele,Oromia,8.4500,36.3333,manual
365,Bedele nageenya qabaa?,Eeyyee Bedelleen naannoo tasgabbii fi nagaa qabdudha.,Afaan Oromo,Attraction,Bedele,Bedele,Oromia,8.4500,36.3333,manual
366,Bedele maatii waliin deemuun mijataa dhaa?,Eeyyee Bedelleen maatii waliin deemuun qorannoo aadaa taasisuuf mijataadha.,Afaan Oromo,Attraction,Bedele,Bedele,Oromia,8.4500,36.3333,manual
367,Metu eessa jira?,Metuun naannoo Oromiyaa Godina Iluu Abbaa Booraatti argamti.,Afaan Oromo,Location,Metu,Metu,Oromia,8.3000,35.5833,manual
368,Metu maal beekama?,Metuun oomisha Bunaan fi aadaa keessummeessaan beekamti.,Afaan Oromo,Attraction,Metu,Metu,Oromia,8.3000,35.5833,manual
369,Metu keessatti maal daawwatama?,Aadaa naannoo fi gabaa Bunaa daawwachuun danda'ama.,Afaan Oromo,Attraction,Metu,Metu,Oromia,8.3000,35.5833,manual
370,Metu keessa hotel ni juraa?,Eeyyee hoteelotni xixiqqoon tajaajila adda addaa kennan ni jiru.,Afaan Oromo,Activities,Metu,Metu,Oromia,8.3000,35.5833,manual
371,Metu nageenya qabaa?,Eeyyee Metuun naannoo tasgabbii fi nagaa qabdudha.,Afaan Oromo,Attraction,Metu,Metu,Oromia,8.3000,35.5833,manual
372,Metu maatii waliin deemuun mijataa dhaa?,Eeyyee Metuun maatii waliin deemuun qorannoo aadaa taasisuuf mijataadha.,Afaan Oromo,Attraction,Metu,Metu,Oromia,8.3000,35.5833,manual
373,Gore eessa jira?,Goreen naannoo Oromiyaa Godina Iluu Abbaa Booraatti argamti.,Afaan Oromo,Location,Gore,Gore,Oromia,8.1500,35.5333,manual
374,Gore maal beekama?,Goreen oomisha Bunaan fi daldalaan beekamti.,Afaan Oromo,Attraction,Gore,Gore,Oromia,8.1500,35.5333,manual
375,Gore keessatti maal daawwatama?,Aadaa naannoo fi gabaa Bunaa daawwachuun danda'ama.,Afaan Oromo,Attraction,Gore,Gore,Oromia,8.1500,35.5333,manual
376,Gore keessa hotel ni juraa?,Eeyyee hoteelotni xixiqqoon tajaajila adda addaa kennan ni jiru.,Afaan Oromo,Activities,Gore,Gore,Oromia,8.1500,35.5333,manual
377,Gore nageenya qabaa?,Eeyyee Goreen naannoo tasgabbii fi nagaa qabdudha.,Afaan Oromo,Attraction,Gore,Gore,Oromia,8.1500,35.5333,manual
378,Gore maatii waliin deemuun mijataa dhaa?,Eeyyee Goreen maatii waliin deemuun qorannoo aadaa taasisuuf mijataadha.,Afaan Oromo,Attraction,Gore,Gore,Oromia,8.1500,35.5333,manual
379,Agaro eessa jira?,Agaroon naannoo Oromiyaa Godina Jimmaatti argamti.,Afaan Oromo,Location,Agaro,Agaro,Oromia,7.8500,36.6500,manual
380,Agaro maal beekama?,Agaroon daldalaa fi oomisha Bunaan beekamti.,Afaan Oromo,Attraction,Agaro,Agaro,Oromia,7.8500,36.6500,manual
381,Agaro keessatti maal daawwatama?,Aadaa naannoo fi gabaa Bunaa daawwachuun danda'ama.,Afaan Oromo,Attraction,Agaro,Agaro,Oromia,7.8500,36.6500,manual
382,Agaro keessa hotel ni juraa?,Eeyyee hoteelotni xixiqqoon tajaajila adda addaa kennan ni jiru.,Afaan Oromo,Activities,Agaro,Agaro,Oromia,7.8500,36.6500,manual
383,Agaro nageenya qabaa?,Eeyyee Agaroon naannoo tasgabbii fi nagaa qabdudha.,Afaan Oromo,Attraction,Agaro,Agaro,Oromia,7.8500,36.6500,manual
384,Agaro maatii waliin deemuun mijataa dhaa?,Eeyyee Agaroon maatii waliin deemuun qorannoo aadaa taasisuuf mijataadha.,Afaan Oromo,Attraction,Agaro,Agaro,Oromia,7.8500,36.6500,manual
385,Limmu eessa jira?,Limmuun naannoo Oromiyaa Godina Jimmaatti argamti.,Afaan Oromo,Location,Limmu,Limmu,Oromia,8.0167,36.9500,manual
386,Limmu maal beekama?,Limmuun oomisha Bunaan fi qonnaan beekamti.,Afaan Oromo,Attraction,Limmu,Limmu,Oromia,8.0167,36.9500,manual
387,Limmu keessatti maal daawwatama?,Aadaa naannoo fi gabaa Bunaa daawwachuun danda'ama.,Afaan Oromo,Attraction,Limmu,Limmu,Oromia,8.0167,36.9500,manual
388,Limmu keessa hotel ni juraa?,Eeyyee hoteelotni xixiqqoon tajaajila adda addaa kennan ni jiru.,Afaan Oromo,Activities,Limmu,Limmu,Oromia,8.0167,36.9500,manual
389,Limmu nageenya qabaa?,Eeyyee Limmuun naannoo tasgabbii fi nagaa qabdudha.,Afaan Oromo,Attraction,Limmu,Limmu,Oromia,8.0167,36.9500,manual
390,Limmu maatii waliin deemuun mijataa dhaa?,Eeyyee Limmuun maatii waliin deemuun qorannoo aadaa taasisuuf mijataadha.,Afaan Oromo,Attraction,Limmu,Limmu,Oromia,8.0167,36.9500,manual
391,Bonga eessa jira?,Bongaan naannoo Itoophiyaa Kibba Dhihaatti argamti.,Afaan Oromo,Location,Bonga,Bonga,SNNP,7.2667,36.2333,manual
392,Bonga maal beekama?,Bongaan madda Buna Arabikaa fi bosona uumamaatiin beekamti.,Afaan Oromo,Attraction,Bonga,Bonga,SNNP,7.2667,36.2333,manual
394,Bonga keessa hotel ni juraa?,Eeyyee hoteelotni tajaajila adda addaa kennan ni jiru.,Afaan Oromo,Activities,Bonga,Bonga,SNNP,7.2667,36.2333,manual
395,Bonga nageenya qabaa?,Eeyyee Bongaan naannoo tasgabbii fi nagaa qabdudha.,Afaan Oromo,Attraction,Bonga,Bonga,SNNP,7.2667,36.2333,manual
396,Bonga maatii waliin deemuun mijataa dhaa?,Eeyyee Bongaan maatii waliin deemuun uumama daawwachuuf mijataadha.,Afaan Oromo,Attraction,Bonga,Bonga,SNNP,7.2667,36.2333,manual
397,Waka eessa jira?,Wakaan naannoo Itoophiyaa Kibbaa Godina Dawurootti argamti.,Afaan Oromo,Location,Waka,Waka,SNNP,7.0667,37.1667,manual
398,Waka maal beekama?,Wakaan aadaa saba Dawuroo fi qonnaan beekamti.,Afaan Oromo,Attraction,Waka,Waka,SNNP,7.0667,37.1667,manual
399,Waka keessatti maal daawwatama?,Aadaa Dawuroo fi uumama naannoo daawwachuun danda'ama.,Afaan Oromo,Attraction,Waka,Waka,SNNP,7.0667,37.1667,manual
400,Waka keessa hotel ni juraa?,Eeyyee hoteelotni xixiqqoon tajaajila adda addaa kennan ni jiru.,Afaan Oromo,Activities,Waka,Waka,SNNP,7.0667,37.1667,manual
401,Lalibela eessa jira?,Lalibela naannoo Amaaraa keessatti argama.,Afaan Oromo,Historical,Lalibela,Lalibela,Amhara,12.0317,39.0476,manual
402,Lalibela maal beekama?,Lalibela manneen amantaa dhagaa tokko irraa bocaman qabaachuun beekama.,Afaan Oromo,Historical,Lalibela,Lalibela,Amhara,12.0317,39.0476,manual
403,Mana amantaa Lalibela keessaa isa kamtu hunda caalaa guddaadha?,Bete Medhane Alem mana amantaa hunda caalaa guddaadha.,Afaan Oromo,Historical,Bete Medhane Alem,Lalibela,Amhara,12.0317,39.0476,manual
404,Lalibela eenyuun ijaarame?,Mootii Lalibela jedhamuun jaarraa 12ffaa keessa ijaarame.,Afaan Oromo,Historical,Lalibela,Lalibela,Amhara,12.0317,39.0476,manual
405,Lalibela keessa manneen amantaa meeqatu jira?,Lalibela keessa manneen amantaa 11tu jira.,Afaan Oromo,Historical,Lalibela,Lalibela,Amhara,12.0317,39.0476,manual
406,Bete Giyorgis bifa maalii qaba?,Bete Giyorgis bifa fannoo (cross-shaped) qaba.,Afaan Oromo,Historical,Bete Giyorgis,Lalibela,Amhara,12.0317,39.0476,manual
407,Lalibela UNESCO keessatti yoom galmaa'e?,Lalibela bara 1978 UNESCO keessatti galmaa'e.,Afaan Oromo,Historical,Lalibela,Lalibela,Amhara,12.0317,39.0476,manual
408,Lalibela daawwachuuf ji'oonni gaariin kamfa'i?,Onkololeessaa hanga Bitootessaatti yeroo bonaa ta'e filatamaadha.,Afaan Oromo,Historical,Lalibela,Lalibela,Amhara,12.0317,39.0476,manual
409,Lalibela keessatti Ayyaanni Ganna akkamitti kabajama?,Lalibela keessatti Ayyaanni Ganna (Qillee) haala adda ta'een Amantoota hedduun kabajama.,Afaan Oromo,Historical,Genna Festival,Lalibela,Amhara,12.0317,39.0476,manual
410,Lalibela keessatti suuraa kaasuun danda'amaa?,Eeyyee iddoowwan seenaa keessatti suuraa kaasuun ni danda'ama.,Afaan Oromo,Historical,Lalibela,Lalibela,Amhara,12.0317,39.0476,manual
411,Axum eessa jira?,Axum naannoo Tigraay keessatti argama.,Afaan Oromo,Historical,Axum,Axum,Tigray,14.1211,38.7234,manual
412,Axum maal beekama?,Axum hawaaltiiwwan (Stelae) gurguddoo fi seenaa mootummaa duriitiin beekama.,Afaan Oromo,Historical,Axum,Axum,Tigray,14.1211,38.7234,manual
413,Haawaaltii Axum hunda caalaa dheratu isa kami?,Hawaaltii Mootii Ezanaa isa hunda caalaa beekamaadha.,Afaan Oromo,Historical,Axum Stelae,Axum,Tigray,14.1211,38.7234,manual
414,Masaraa Mootummaa Sheebaa eessa jira?,Masaraa Mootummaa Sheebaa (Dungur) Axum keessatti argama.,Afaan Oromo,Historical,Dungur Palace,Axum,Tigray,14.1211,38.7234,manual
415,Axum keessatti Taabodni Maariyaam Tsiyoon jira jedhamaa?,Eeyyee amantiin Kiristaanaa akka jedhutti Taabodni Musee Axum keessatti eegama.,Afaan Oromo,Historical,Ark of the Covenant,Axum,Tigray,14.1211,38.7234,manual
416,Axum UNESCO keessatti yoom galmaa'e?,Axum bara 1980 UNESCO keessatti galmaa'e.,Afaan Oromo,Historical,Axum,Axum,Tigray,14.1211,38.7234,manual
417,Axum keessatti Maashafaa Giyorgis maali?,Inni iddoo aarsaa fi seenaa amantii duriiti.,Afaan Oromo,Historical,Axum,Axum,Tigray,14.1211,38.7234,manual
418,Axum keessatti gabaan aadaa jiraa?,Eeyyee Axum keessatti gabaan aadaa meeshaalee durii gurguru jira.,Afaan Oromo,Historical,Axum Market,Axum,Tigray,14.1211,38.7234,manual
419,Mootummaan Axum jaarraa meeqaffaa keessa tures?,Jaarraa 1ffaa hanga 7ffaa tti mootummaa jabaa ture.,Afaan Oromo,Historical,Axum Kingdom,Axum,Tigray,14.1211,38.7234,manual
420,Axum keessatti kantiibaan mootii (King's Tomb) meeqa jira?,Axum keessa mooraa moototaa hedduun jira.,Afaan Oromo,Historical,Axum,Axum,Tigray,14.1211,38.7234,manual
421,Gondar eessa jira?,Gondar naannoo Amaaraa keessatti argama.,Afaan Oromo,Historical,Gondar,Gondar,Amhara,12.6030,37.4521,manual
422,Gondar maal beekama?,Gondar masaraa mootummaa durii (Fasil Ghebbi) qabaachuun beekama.,Afaan Oromo,Historical,Fasil Ghebbi,Gondar,Amhara,12.6030,37.4521,manual
423,Eenyutu Gondar ijaarsise?,Mootii Faasiladas bara 1636 keessa ijaarsise.,Afaan Oromo,Historical,Fasil Ghebbi,Gondar,Amhara,12.6030,37.4521,manual
424,Gondar keessatti mana amantaa beekamaa kamtu jira?,Mana amantaa Debre Berhan Selassie sanyii suuraa bareedaa qabuun beekamaadha.,Afaan Oromo,Historical,Debre Berhan Selassie,Gondar,Amhara,12.6030,37.4521,manual
425,Faasil Ghebbi UNESCO keessatti galmaa'eera?,Eeyyee bara 1979 galmaa'e.,Afaan Oromo,Historical,Fasil Ghebbi,Gondar,Amhara,12.6030,37.4521,manual
426,Gondar keessatti ayyaanni Cuuphaa akkamitti kabajama?,Sibaata Faasiladas keessatti bishaaniin haala guddaan kabajama.,Afaan Oromo,Historical,Timkat,Gondar,Amhara,12.6030,37.4521,manual
427,Gondar keessa masaraa meeqatu jira?,Fasil Ghebbi keessa masaraalee 6 olitti argamu.,Afaan Oromo,Historical,Fasil Ghebbi,Gondar,Amhara,12.6030,37.4521,manual
428,"Gondar ""Kaamelooti Afrikaa"" maaliif jedhama?",Ijaarsa masaraa isaa kan Awurooppaa durii fakkaatuun akkas jedhama.,Afaan Oromo,Historical,Gondar,Gondar,Amhara,12.6030,37.4521,manual
429,Gondar keessatti hotel seenaa qabu jiraa?,Eeyyee Goha Hotel iddoo seenaa argachuuf gaariidha.,Afaan Oromo,Historical,Gondar,Gondar,Amhara,12.6030,37.4521,manual
430,Gondar keessatti aadaan maalii beekamaadha?,Sirbi aadaa Eskistaan naannoo Gondaritti baay'ee jaallatamaadha.,Afaan Oromo,Historical,Gondar Culture,Gondar,Amhara,12.6030,37.4521,manual
431,Harar eessa jira?,Harar naannoo Hararii keessatti argama.,Afaan Oromo,Historical,Harar,Harar,Harari,9.3111,42.1250,manual
432,Harar maal beekama?,Harar dallaa ishee durii (Jugol) fi magaalaa dabalata Islaamaa ta'uun beekama.,Afaan Oromo,Historical,Harar Jugol,Harar,Harari,9.3111,42.1250,manual
433,Dallaan Jugol balbala meeqa qaba?,Dallaan Jugol balbaloota shanan (5) qaba.,Afaan Oromo,Historical,Jugol Gates,Harar,Harari,9.3111,42.1250,manual
434,Harar keessatti masjiida meeqatu jira jedhama?,Magaalaa Harar keessa masjiidota 80 olitu jira jedhama.,Afaan Oromo,Historical,Harar Mosques,Harar,Harari,9.3111,42.1250,manual
435,Harar UNESCO keessatti yoom galmaa'e?,Harar bara 2006 UNESCO keessatti galmaa'e.,Afaan Oromo,Historical,Harar,Harar,Harari,9.3111,42.1250,manual
436,"Aadaa ""Ye-Wuraba"" Harar keessatti maali?",Waraabessa nyaachisuun aadaa seenaa qabu kan halkan halkan raawwatamudha.,Afaan Oromo,Historical,Hyena Man,Harar,Harari,9.3111,42.1250,manual
437,Harar keessatti mana Rimbaaud maali?,Inni mana barreessaa Faransaay Artur Rimbaaud Harar keessa jiraatu turee fi ammas godambaa dha.,Afaan Oromo,Historical,Rimbaud House,Harar,Harari,9.3111,42.1250,manual
438,Harar keessatti Buna dhandhamuun danda'amaa?,Eeyyee Harar bunni ishee hunda caalaa beekamaadha.,Afaan Oromo,Historical,Harar Coffee,Harar,Harari,9.3111,42.1250,manual
439,Jugol balbala meeqaffaan turistiin seena?,Hundi isaanii ni danda'ama garuu balballi Duke gate hunda caalaa beekamaadha.,Afaan Oromo,Historical,Harar,Harar,Harari,9.3111,42.1250,manual
440,Harar keessatti sanyiin aadaa maalii argama?,Harar keessatti saba Hararii Oromoo fi amala wal-make hedduu arganna.,Afaan Oromo,Historical,Harar People,Harar,Harari,9.3111,42.1250,manual
441,Bahirdar eessa jira?,Bahirdar naannoo Amaaraa qarqara Haroo Taanaatti argama.,Afaan Oromo,Historical,Bahirdar,Bahirdar,Amhara,11.5742,37.3614,manual
442,Haroo Taana maal beekama?,Haroo Taana monasteries durii fi maddaa Laga Abbayyaa ta'uun beekama.,Afaan Oromo,Historical,Lake Tana,Bahirdar,Amhara,11.5742,37.3614,manual
443,Haroo Taana keessa monasteries meeqatu jira?,Haroo Taana keessa monasteries 20 olitu jira.,Afaan Oromo,Historical,Lake Tana Monasteries,Bahirdar,Amhara,11.5742,37.3614,manual
444,Finfinnee irraa Bahirdar deemuun hammam fagaata?,Finfinnee irraa gara 560km fagaata.,Afaan Oromo,Historical,Bahirdar,Bahirdar,Amhara,11.5742,37.3614,manual
445,Fandisoo Abbayyaa (Blue Nile Falls) eessa jira?,Bahirdar irraa 30km fagaatee Tis Abay jedhamutti argama.,Afaan Oromo,Historical,Blue Nile Falls,Bahirdar,Amhara,11.5742,37.3614,manual
446,Bahirdar keessatti doonii yaabbachuun danda'amaa?,Eeyyee Haroo Taana irratti doonii yaabbachuun monasteries daawwachuun ni danda'ama.,Afaan Oromo,Historical,Lake Tana Boat,Bahirdar,Amhara,11.5742,37.3614,manual
447,Bahirdar UNESCO keessatti galmaa'eera?,"Haroo Taana ""Biosphere Reserve"" jedhamee UNESCOn beekameera.",Afaan Oromo,Historical,Lake Tana,Bahirdar,Amhara,11.5742,37.3614,manual
448,Bahirdar keessatti buufanni xiyyaaraa jiraa?,Eeyyee Buufata Xiyyaaraa Belay Zeleke qaba.,Afaan Oromo,Historical,Bahirdar Airport,Bahirdar,Amhara,11.5742,37.3614,manual
449,Ura Kidane Mehret maali?,Inni monasterii beekamaa Haroo Taana keessa jiruudha.,Afaan Oromo,Historical,Ura Kidane Mehret,Bahirdar,Amhara,11.5742,37.3614,manual
450,Bahirdar keessatti qarqara harootti nyaata nyaachuun ni danda'ama?,Eeyyee hotelootni hedduun qarqara harootti argamu.,Afaan Oromo,Historical,Bahirdar Hotels,Bahirdar,Amhara,11.5742,37.3614,manual
451,Debre Damo eessa jira?,Debre Damo naannoo Tigraay dhiyoo Axumitti argama.,Afaan Oromo,Historical,Debre Damo,Debre Damo,Tigray,14.3667,39.2833,manual
452,Debre Damo maaliin adda ta'a?,Debre Damo mana amantaa gaara irratti funyoon ol ba'amuudha.,Afaan Oromo,Historical,Debre Damo Monastery,Debre Damo,Tigray,14.3667,39.2833,manual
453,Debre Damo keessatti dubartoonni ol ba'uu danda'uu?,Lakkii mana amantaa kana keessa dhiira qofatu lixa.,Afaan Oromo,Historical,Debre Damo,Debre Damo,Tigray,14.3667,39.2833,manual
454,Debre Damo eenyuun hundeeffame?,Abuna Aragawii jedhamuun jaarraa 6ffaa keessa hundeeffame.,Afaan Oromo,Historical,Debre Damo,Debre Damo,Tigray,14.3667,39.2833,manual
455,Debre Damo hammam dherata?,Funyoon ol ba'iinsaa meetira 15 hanga 20 ni ta'a.,Afaan Oromo,Historical,Debre Damo,Debre Damo,Tigray,14.3667,39.2833,manual
456,Debre Damo keessatti maalitu argama?,Meeshaalee seenaa durii kitaabota qaree fi ijaarsa dhagaa addaa.,Afaan Oromo,Historical,Debre Damo,Debre Damo,Tigray,14.3667,39.2833,manual
457,Debre Damo nageenya qabaa?,Eeyyee garuu ol ba'uun humna namaa gaafata.,Afaan Oromo,Historical,Debre Damo,Debre Damo,Tigray,14.3667,39.2833,manual
458,Debre Damo keessatti suuraa kaasuun danda'amaa?,Eeyyee bakkee isaa suuraa kaasuun ni danda'ama.,Afaan Oromo,Historical,Debre Damo,Debre Damo,Tigray,14.3667,39.2833,manual
459,Debre Damo keessatti beelladoonni kormaa ni jiru?,Eeyyee gaara irratti beelladoonni dhiira qofatu jira jedhama.,Afaan Oromo,Historical,Debre Damo,Debre Damo,Tigray,14.3667,39.2833,manual
460,Debre Damo yoom daawwatamuun gaariidha?,Yeroo bonaa (Tiqimtii hanga Bitootessa) gaariidha.,Afaan Oromo,Historical,Debre Damo,Debre Damo,Tigray,14.3667,39.2833,manual
461,Tiwiya eessa jira?,Tiwiya (Tiya) naannoo Kibbaa Sodo keessatti argama.,Afaan Oromo,Historical,Tiya,Sodo,Southern,8.4333,38.6000,manual
462,Tiya maal beekama?,Tiya dhagaalee gurguddoo bocaman (Stele) qabaachuun beekama.,Afaan Oromo,Historical,Tiya Stele,Sodo,Southern,8.4333,38.6000,manual
463,Dhagaaleen Tiya UNESCO keessatti galmaa'aniiru?,Eeyyee bara 1980 galmaa'aniiru.,Afaan Oromo,Historical,Tiya,Sodo,Southern,8.4333,38.6000,manual
464,Dhagaaleen Tiya hammam dheratu?,Meetira 1 hanga 5 ni ta'u.,Afaan Oromo,Historical,Tiya,Sodo,Southern,8.4333,38.6000,manual
465,Dhagaaleen Tiya maaliif ijaaraman?,Iddoo awwaalchaa seenaa durii ta'uun amanamu.,Afaan Oromo,Historical,Tiya,Sodo,Southern,8.4333,38.6000,manual
466,Tiya keessa dhagaalee meeqatu jira?,Dhagaalee 46 olitu argama.,Afaan Oromo,Historical,Tiya,Sodo,Southern,8.4333,38.6000,manual
467,Tiya daawwachuun Finfinnee irraa ni danda'ama?,Eeyyee imala guyyaa tokkootiin daawwachuun ni danda'ama.,Afaan Oromo,Historical,Tiya,Sodo,Southern,8.4333,38.6000,manual
468,Tiya keessatti suuraa kaasuun danda'amaa?,Eeyyee suuraa kaasuuf iddoo mijataadha.,Afaan Oromo,Historical,Tiya,Sodo,Southern,8.4333,38.6000,manual
469,Tiya keessatti qajeelchaan turistii jiraa?,Eeyyee qajeelchaan achitti si gargaaru ni jira.,Afaan Oromo,Historical,Tiya,Sodo,Southern,8.4333,38.6000,manual
470,Tiya irraa gara Adama hammam fagaata?,Gara 150km fagaata.,Afaan Oromo,Historical,Tiya,Sodo,Southern,8.4333,38.6000,manual
471,Sof Umar eessa jira?,Sof Umar naannoo Baale Oromiyaa keessatti argama.,Afaan Oromo,Historical,Sof Umar,Bale,Oromia,6.9000,40.8500,manual
472,Sof Umar maal beekama?,Sof Umar holqa bishaanii (cave) hunda caalaa guddaa ta'uun beekama.,Afaan Oromo,Historical,Sof Umar Cave,Bale,Oromia,6.9000,40.8500,manual
473,Sof Umar keessa lagni ni darbaa?,Eeyyee Lagni Weyib holqa kana keessa ni darba.,Afaan Oromo,Historical,Sof Umar Cave,Bale,Oromia,6.9000,40.8500,manual
474,Sof Umar seenaa maalii qaba?,Iddoo amantii Islaamaa seenaa qabuudha.,Afaan Oromo,Historical,Sof Umar,Bale,Oromia,6.9000,40.8500,manual
475,Sof Umar hammam dherata?,Dherinni isaa gara kilomeetira 15 ni ta'a.,Afaan Oromo,Historical,Sof Umar Cave,Bale,Oromia,6.9000,40.8500,manual
476,Sof Umar UNESCO keessatti galmaa'eera?,"Inni ""Tentative list"" (kaadhimamaa) irratti argama.",Afaan Oromo,Historical,Sof Umar,Bale,Oromia,6.9000,40.8500,manual
477,Sof Umar keessatti maal daawwatama?,Ijaarsa dhagaa uumamaa fi lagicha.,Afaan Oromo,Historical,Sof Umar,Bale,Oromia,6.9000,40.8500,manual
478,Sof Umar deemuuf qophii maalii barbaachisa?,Ifaatanii (torch) fi kofloo (boots) qabaachuun gaariidha.,Afaan Oromo,Historical,Sof Umar,Bale,Oromia,6.9000,40.8500,manual
479,Sof Umar irraa magaalni dhiyoo kami?,Magaalni Roobee dhiyoo isheetti argama.,Afaan Oromo,Historical,Sof Umar,Bale,Oromia,6.9000,40.8500,manual
480,Sof Umar keessatti suuraa kaasuun danda'amaa?,Eeyyee garuu ifa gahaa barbaachisa.,Afaan Oromo,Historical,Sof Umar,Bale,Oromia,6.9000,40.8500,manual
481,Yeha eessa jira?,Yeha naannoo Tigraay keessatti argama.,Afaan Oromo,Historical,Yeha,Yeha,Tigray,14.2833,39.0167,manual
482,Yeha maal beekama?,Yeha mana amantaa durii (Temple of Yeha) saba Da'amat qabaachuun beekama.,Afaan Oromo,Historical,Yeha Temple,Yeha,Tigray,14.2833,39.0167,manual
483,Yeha jaarraa meeqaffaa keessa ijaarame?,Jaarraa 5ffaa hanga 8ffaa (BCE) keessa ijaarame jedhama.,Afaan Oromo,Historical,Yeha,Yeha,Tigray,14.2833,39.0167,manual
484,Yeha seenaa maalii qaba?,Magaalaa gudduu mootummaa durii Da'amat ture.,Afaan Oromo,Historical,Yeha,Yeha,Tigray,14.2833,39.0167,manual
485,Yeha keessatti maal daawwatama?,Ijaarsa dhagaa durii fi godambaa seenaa.,Afaan Oromo,Historical,Yeha,Yeha,Tigray,14.2833,39.0167,manual
486,Yeha daawwachuuf yeroo gaarii?,Yeroo bonaa keessattuu Adoolessaa hanga Fulbaanaa yoo hin ta'in.,Afaan Oromo,Historical,Yeha,Yeha,Tigray,14.2833,39.0167,manual
487,Yeha irraa Axum hammam fagaata?,Gara kilomeetira 50 fagaata.,Afaan Oromo,Historical,Yeha,Yeha,Tigray,14.2833,39.0167,manual
488,Yeha keessatti suuraa kaasuun danda'amaa?,Eeyyee iddoo seenaa bareedaadha.,Afaan Oromo,Historical,Yeha,Yeha,Tigray,14.2833,39.0167,manual
489,Yeha keessatti qajeelchaan turistii jiraa?,Eeyyee namoonni naannoo ni jiru.,Afaan Oromo,Historical,Yeha,Yeha,Tigray,14.2833,39.0167,manual
490,Yeha keessatti maalitu argame?,Barreeffamni durii (Sabean inscriptions) argameera.,Afaan Oromo,Historical,Yeha,Yeha,Tigray,14.2833,39.0167,manual
491,Melka Kunture eessa jira?,Finfinnee irraa 50km fagaatee daandii Butaajiraa irratti argama.,Afaan Oromo,Historical,Melka Kunture,Upper Awash,Oromia,8.7000,38.6000,manual
492,Melka Kunture maal beekama?,Iddoo itti meeshaaleen dhagaa durii (stone tools) argaman ta'uun beekama.,Afaan Oromo,Historical,Melka Kunture,Upper Awash,Oromia,8.7000,38.6000,manual
493,Melka Kunture seenaa hammamii qaba?,Waggaa miliyoona 1.5 duraa kaasee seenaa qaba.,Afaan Oromo,Historical,Melka Kunture,Upper Awash,Oromia,8.7000,38.6000,manual
494,Melka Kunture keessatti maal daawwatama?,Godambaa fossils fi meeshaalee dhagaa durii.,Afaan Oromo,Historical,Melka Kunture,Upper Awash,Oromia,8.7000,38.6000,manual
495,Melka Kunture UNESCO keessatti galmaa'eera?,Eeyyee bara 2024 galmaa'eera.,Afaan Oromo,Historical,Melka Kunture,Upper Awash,Oromia,8.7000,38.6000,manual
496,Melka Kunture keessatti suuraa kaasuun danda'amaa?,Eeyyee godambaa keessatti hayyama gaafachuun ni danda'ama.,Afaan Oromo,Historical,Melka Kunture,Upper Awash,Oromia,8.7000,38.6000,manual
497,Melka Kunture deemuuf yeroo hammam fudhata?,Finfinnee irraa sa'aatii tokko ni fudhata.,Afaan Oromo,Historical,Melka Kunture,Upper Awash,Oromia,8.7000,38.6000,manual
498,Melka Kunture keessatti nyaanni ni argamaa?,Eeyyee hoteelotni xiqqun naannoo sana jiru.,Afaan Oromo,Historical,Melka Kunture,Upper Awash,Oromia,8.7000,38.6000,manual
499,"Melka Kunture maaliif ""Prehistoric site"" jedhama?",Seenaa dhala namaa durii waan qabuuf.,Afaan Oromo,Historical,Melka Kunture,Upper Awash,Oromia,8.7000,38.6000,manual
500,Melka Kunture irraa gara Tiya hammam fagaata?,Kilomeetira 35-40 qofa fagaata.,Afaan Oromo,Historical,Melka Kunture,Upper Awash,Oromia,8.7000,38.6000,manual
501,Adwaa maaliif Itoophiyaaf dhiiga?,Waraanni Adwaa Itoophiyaan koloneeffattuu Xaaliyaanii mo'achuun bilisummaa ishee mirkaneessiteedha.,Afaan Oromo,Historical,Adwaa,Adwa,Tigray,14.1667,38.9000,manual
502,Yeha maaliif beekama?,Yeha naannoo archaeologii dhaloota kiristaanummaa duraa Itoophiyaa keessatti madaallii ijaarsaa seenaa qabuudha.,Afaan Oromo,Historical,Yeha,Yeha,Tigray,14.2833,39.0167,manual
503,Mana mabaa National Museum eessa jira?,Mana mabaa National Museum Addis Ababa keessatti argama.,Afaan Oromo,Historical,National Museum,Addis Ababa,Addis Ababa,9.0300,38.7400,manual
504,Lucy (Dinqinesh) eessatti argamti?,Lucy (Dinqinesh) Mana mabaa National Museum Addis Ababa keessatti argamti.,Afaan Oromo,Historical,Lucy,Addis Ababa,Addis Ababa,9.0300,38.7400,manual
505,Masjiida Al-Nejashi seenaa maali qaba?,Masjiida Al-Nejashi madda amantii Islaamaa Itoophiyaa keessatti jalqabaati jedhamee amanama.,Afaan Oromo,Historical,Masjiida Al-Nejashi,Wukro,Tigray,13.7833,39.6000,manual
506,Dallaa Jugal Harar maaliif beekama?,Jugaliin dhaloota 16ffaa keessatti ijaaramee naannoo Islaamaa nagaa eeguuf tajaajila ture.,Afaan Oromo,Historical,Jugal Harar,Harar,Harari,9.3111,42.1250,manual
507,Siidaa Tiya hambaa UNESCO maali?,Siidaa Tiya siidaa dhagaa durii bifa addaa qabu UNESCO hambaa addunyaa ta'uun galmaa'eedha.,Afaan Oromo,Historical,Siidaa Tiya,Sodo,SNNP,8.4333,38.6167,manual
508,Gondar keessatti mana amantaa Debre Berhan Selassie maaltu adda?,Mana amantaa Debre Berhan Selassie fakkiiwwan bareedoo fi seenaa amantii qabaachuun beekama.,Afaan Oromo,Historical,Debre Berhan Selassie,Gondar,Amhara,12.6030,37.4521,manual
509,Yeha keessatti museum archaeologii maaltu argama?,Yeha keessatti museum archaeologii meeshaalee seenaa durii naannichaa argama.,Afaan Oromo,Historical,Museum Yeha,Yeha,Tigray,14.2833,39.0167,manual
510,Masaraa Faasiil Gondar hambaa UNESCO'n galmaa'eeraa?,Eeyyee Masaraa Faasiil Gondar UNESCO hambaa addunyaa ta'uun galmaa'eera.,Afaan Oromo,Historical,Masaraa Faasiil,Gondar,Amhara,12.6030,37.4521,manual
511,Axum keessatti mana mootummaa Kaleb maaltu adda?,Mana mootummaa Kaleb Axum keessatti bifa ijaarsa archaeologii seenaa qabuudha.,Afaan Oromo,Historical,Mana mootummaa Kaleb,Axum,Tigray,14.1211,38.7234,manual
512,Harar keessatti museum aadaa maaltu argama?,Harar keessatti museum aadaa meeshaalee aadaa fi seenaa magaalichaa argama.,Afaan Oromo,Historical,Harar Museum,Harar,Harari,9.3111,42.1250,manual
513,Gondar keessatti Bishaan Cuuphaa seenaa maali qaba?,Bishaan Cuuphaa Gondar wiirtuu amantii kiristaanaa Cuuphaa kabajuuf itti tajaajilaniidha.,Afaan Oromo,Historical,Bishaan Cuuphaa Faasiil,Gondar,Amhara,12.6030,37.4521,manual
514,Yeha keessatti mana amantaa durii seenaa maali qaba?,Mana amantaa Yeha Itoophiyaa keessatti madda kiristaanummaa jalqabaati jedhamee amanama.,Afaan Oromo,Historical,Mana amantaa Yeha,Yeha,Tigray,14.2833,39.0167,manual
515,Axum keessatti obeliskii UNESCO'n galmaa'eeraa?,Eeyyee Obeliskii Axum UNESCO hambaa addunyaa ta'uun galmaa'eera.,Afaan Oromo,Historical,Obeliskii Axum,Axum,Tigray,14.1211,38.7234,manual
516,Mana mabaa Ethnological Museum maaltu argama?,Mana mabaa Ethnological Museum keessatti meeshaalee aadaa fi seenaa saba Itoophiyaa argama.,Afaan Oromo,Historical,Ethnological Museum,Addis Ababa,Addis Ababa,9.0300,38.7400,manual
517,Yeha keessatti siidaa durii maaltu adda?,Siidaa Yeha bifa ijaarsa archaeologii dhaloota kiristaanummaa duraa calaqqisiisa.,Afaan Oromo,Historical,Siidaa Yeha,Yeha,Tigray,14.2833,39.0167,manual
518,Axum keessatti mana amantaa Qiddus Mariam Tsion maaltu adda?,Mana amantaa Qiddus Mariam Tsion Axum keessatti Taabota Musee eegaa jedhamee amanama.,Afaan Oromo,Historical,Qiddus Mariam Tsion,Axum,Tigray,14.1211,38.7234,manual
519,Mana mabaa National Museum keessatti Lucy UNESCO'n galmaa'eeraa?,Eeyyee Lucy (Dinqinesh) hambaa addunyaa ta'uun UNESCO'n galmaa'eera.,Afaan Oromo,Historical,Lucy,Addis Ababa,Addis Ababa,9.0300,38.7400,manual
520,Axum keessatti mana mootummaa Sheba maaltu adda?,Mana mootummaa Sheba Axum keessatti bifa ijaarsa archaeologii seenaa qabuudha.,Afaan Oromo,Historical,Mana mootummaa Sheba,Axum,Tigray,14.1211,38.7234,manual
521,Mana mabaa Ethnological Museum UNESCO'n galmaa'eeraa?,Lakki Mana mabaa Ethnological Museum hambaa addunyaa ta'uun UNESCO'n galmaa'uun hin dandeenye., Afaan Oromo, Historical, Ethnological Museum, Addis Ababa, Addis Ababa, 9.0300, 38.7400, manual
522,Yeha keessatti museum seenaa maaltu argama?,Yeha keessatti museum seenaa meeshaalee seenaa durii naannichaa argama., Afaan Oromo, Historical, Museum seenaa Yeha, Yeha, Tigray, 14.2833, 39.0167, manual
523,Axum keessatti obeliskii durii hammam jiru?,Obeliskii durii baay'een Axum keessatti argamu garuu torbatu adda., Afaan Oromo, Historical, Obeliskii Axum, Axum, Tigray, 14.1211, 38.7234, manual
524,Gondar keessatti Bishaan Cuuphaa hambaa UNESCO'n galmaa'eeraa?,Eeyyee Bishaan Cuuphaa Gondar UNESCO hambaa addunyaa ta'uun galmaa'eera., Afaan Oromo, Historical, Bishaan Cuuphaa Gondar, Gondar, Amhara, 12.6030, 37.4521, manual
525,Yeha keessatti siidaa durii seenaa maali qaba?,Siidaa Yeha Itoophiyaa keessatti ijaarsa seenaa dhaloota kiristaanummaa duraa calaqqisiisa., Afaan Oromo, Historical, Siidaa Yeha, Yeha, Tigray, 14.2833, 39.0167, manual
526,Axum keessatti mana amantaa Arbatu Entsessat maaltu adda?,Mana amantaa Arbatu Entsessat Axum keessatti bifa ijaarsa archaeologii seenaa qabuudha., Afaan Oromo, Historical, Arbatu Entsessat, Axum, Tigray, 14.1211, 38.7234, manual
527,Tiya keessatti siidaa durii hammam jiru?,Tiya keessatti siidaa dhagaa durii 36 jiru., Afaan Oromo, Historical, Siidaa Tiya, Sodo, SNNP, 8.4333, 38.6167, manual
528,Masjiida Jamia Harar UNESCO hambaa addunyaa ta'uun galmaa'eeraa?,Eeyyee Masjiida Jamia Harar UNESCO hambaa addunyaa ta'uun galmaa'eera., Afaan Oromo, Historical, Masjiida Jamia Harar, Harar, Harari, 9.3111, 42.1250, manual
529,Gondar keessatti mana amantaa Qiddus Giyoorgis maaltu adda?,Mana amantaa Qiddus Giyoorgis Gondar keessatti bifa ijaarsa archaeologii seenaa qabuudha., Afaan Oromo, Historical, Qiddus Giyoorgis Gondar, Gondar, Amhara, 12.6030, 37.4521, manual
530,Axum keessatti obeliskii UNESCO hambaa addunyaa ta'uun galmaa'eeraa?,Eeyyee Obeliskii Axum UNESCO hambaa addunyaa ta'uun galmaa'eera., Afaan Oromo, Historical, Obeliskii Axum, Axum, Tigray, 14.1211, 38.7234, manual
531,Yeha keessatti museum archaeologii seenaa maali qaba?,Yeha keessatti museum archaeologii meeshaalee seenaa durii naannichaa argama., Afaan Oromo, Historical, Museum Yeha, Yeha, Tigray, 14.2833, 39.0167, manual
532,Gondar keessatti mana amantaa Debre Berhan Selassie hambaa UNESCO'n galmaa'eeraa?,Eeyyee Debre Berhan Selassie Gondar UNESCO hambaa addunyaa ta'uun galmaa'eera., Afaan Oromo, Historical, Debre Berhan Selassie, Gondar, Amhara, 12.6030, 37.4521, manual
533,Yeha keessatti siidaa durii UNESCO hambaa addunyaa ta'uun galmaa'eeraa?,Lakki Siidaa Yeha UNESCO hambaa addunyaa ta'uun galmaa'uun hin dandeenye., Afaan Oromo, Historical, Siidaa Yeha, Yeha, Tigray, 14.2833, 39.0167, manual
534,Axum keessatti Arbatu Entsessat seenaa maali qaba?,Arbatu Entsessat Axum Itoophiyaa keessatti madda kiristaanummaa jalqabaati jedhamee amanama., Afaan Oromo, Historical, Arbatu Entsessat, Axum, Tigray, 14.1211, 38.7234, manual
535,Gondar keessatti Bishaan Cuuphaa hambaa UNESCO ta'uun galmaa'eeraa?,Eeyyee Bishaan Cuuphaa Gondar UNESCO hambaa addunyaa ta'uun galmaa'eera., Afaan Oromo, Historical, Bishaan Cuuphaa Gondar, Gondar, Amhara, 12.6030, 37.4521, manual
536,Harar keessatti museum archaeologii seenaa maali qaba?,Harar keessatti museum archaeologii meeshaalee seenaa durii magaalichaa argama., Afaan Oromo, Historical, Harar Museum, Harar, Harari, 9.3111, 42.1250, manual
537,Yeha keessatti museum seenaa seenaa maali qaba?,Yeha keessatti museum seenaa meeshaalee seenaa durii naannichaa argama., Afaan Oromo, Historical, Museum seenaa Yeha, Yeha, Tigray, 14.2833, 39.0167, manual
538,Axum keessatti mana amantaa Qiddus Mariam Tsion seenaa maali qaba?,Qiddus Mariam Tsion Axum Itoophiyaa keessatti madda kiristaanummaa jalqabaati jedhamee amanama., Afaan Oromo, Historical, Qiddus Mariam Tsion, Axum, Tigray, 14.1211, 38.7234, manual
539,Gondar keessatti Masaraa Faasiil hambaa UNESCO ta'uun galmaa'eeraa?,Eeyyee Masaraa Faasiil Gondar UNESCO hambaa addunyaa ta'uun galmaa'eera., Afaan Oromo, Historical, Masaraa Faasiil, Gondar, Amhara, 12.6030, 37.4521, manual
540,Yeha keessatti siidaa durii hambaa UNESCO ta'uun galmaa'eeraa?,Lakki Siidaa Yeha UNESCO hambaa addunyaa ta'uun galmaa'uun hin dandeenye., Afaan Oromo, Historical, Siidaa Yeha, Yeha, Tigray, 14.2833, 39.0167, manual
541,Axum keessatti mana mootummaa Ezana seenaa maali qaba?,Mana mootummaa Ezana Axum Itoophiyaa keessatti ijaarsa archaeologii seenaa qabuudha., Afaan Oromo, Historical, Mana mootummaa Ezana, Axum, Tigray, 14.1211, 38.7234, manual
542,Gondar keessatti Bishaan Cuuphaa seenaa maali qaba?,Bishaan Cuuphaa Gondar wiirtuu amantii kiristaanaa Cuuphaa kabajuuf itti tajaajilaniidha., Afaan Oromo, Historical, Bishaan Cuuphaa Gondar, Gondar, Amhara, 12.6030, 37.4521, manual
543,Harar keessatti Masjiida Jamia seenaa maali qaba?,Masjiida Jamia Harar Itoophiyaa keessatti madda Islaamaa fi wiirtuu amantii jalqabaati jedhamee amanama., Afaan Oromo, Historical, Masjiida Jamia Harar, Harar, Harari, 9.3111, 42.1250, manual
544,Yeha keessatti museum archaeologii seenaa maali qaba?,Yeha keessatti museum archaeologii meeshaalee seenaa durii naannichaa argama., Afaan Oromo, Historical, Museum Yeha, Yeha, Tigray, 14.2833, 39.0167, manual
545,Axum keessatti Arbatu Entsessat seenaa maali qaba?,Arbatu Entsessat Axum Itoophiyaa keessatti madda kiristaanummaa jalqabaati jedhamee amanama., Afaan Oromo, Historical, Arbatu Entsessat, Axum, Tigray, 14.1211, 38.7234, manual
546,Gondar keessatti mana amantaa Debre Berhan Selassie seenaa maali qaba?,Debre Berhan Selassie Gondar Itoophiyaa keessatti wiirtuu amantii fi seenaa dhaloota 17ffaa ture., Afaan Oromo, Historical, Debre Berhan Selassie, Gondar, Amhara, 12.6030, 37.4521, manual
547,Yeha keessatti siidaa durii seenaa maali qaba?,Siidaa Yeha Itoophiyaa keessatti ijaarsa seenaa dhaloota kiristaanummaa duraa calaqqisiisa., Afaan Oromo, Historical, Siidaa Yeha, Yeha, Tigray, 14.2833, 39.0167, manual
548,Axum keessatti mana mootummaa Sheba seenaa maali qaba?,Mana mootummaa Sheba Axum Itoophiyaa keessatti ijaarsa archaeologii seenaa qabuudha., Afaan Oromo, Historical, Mana mootummaa Sheba, Axum, Tigray, 14.1211, 38.7234, manual
549,Gondar keessatti Bishaan Cuuphaa hambaa UNESCO ta'uun galmaa'eeraa?,Eeyyee Bishaan Cuuphaa Gondar UNESCO hambaa addunyaa ta'uun galmaa'eera., Afaan Oromo, Historical, Bishaan Cuuphaa Gondar, Gondar, Amhara, 12.6030, 37.4521, manual
550,Harar keessatti museum archaeologii seenaa maali qaba?,Harar keessatti museum archaeologii meeshaalee seenaa durii magaalichaa argama., Afaan Oromo, Historical, Harar Museum, Harar, Harari, 9.3111, 42.1250, manual
551,Yeha keessatti museum seenaa seenaa maali qaba?,Yeha keessatti museum seenaa meeshaalee seenaa durii naannichaa argama., Afaan Oromo, Historical, Museum seenaa Yeha, Yeha, Tigray, 14.2833, 39.0167, manual
552,Axum keessatti mana amantaa Qiddus Mariam Tsion seenaa maali qaba?,Qiddus Mariam Tsion Axum Itoophiyaa keessatti madda kiristaanummaa jalqabaati jedhamee amanama., Afaan Oromo, Historical, Qiddus Mariam Tsion, Axum, Tigray, 14.1211, 38.7234, manual
553,Gondar keessatti Masaraa Faasiil hambaa UNESCO ta'uun galmaa'eeraa?,Eeyyee Masaraa Faasiil Gondar UNESCO hambaa addunyaa ta'uun galmaa'eera., Afaan Oromo, Historical, Masaraa Faasiil, Gondar, Amhara, 12.6030, 37.4521, manual
554,Yeha keessatti siidaa durii hambaa UNESCO ta'uun galmaa'eeraa?,Lakki Siidaa Yeha UNESCO hambaa addunyaa ta'uun galmaa'uun hin dandeenye., Afaan Oromo, Historical, Siidaa Yeha, Yeha, Tigray, 14.2833, 39.0167, manual
555,Axum keessatti mana mootummaa Ezana seenaa maali qaba?,Mana mootummaa Ezana Axum Itoophiyaa keessatti ijaarsa archaeologii seenaa qabuudha., Afaan Oromo, Historical, Mana mootummaa Ezana, Axum, Tigray, 14.1211, 38.7234, manual
556,Gondar keessatti Bishaan Cuuphaa seenaa maali qaba?,Bishaan Cuuphaa Gondar wiirtuu amantii kiristaanaa Cuuphaa kabajuuf itti tajaajilaniidha., Afaan Oromo, Historical, Bishaan Cuuphaa Gondar, Gondar, Amhara, 12.6030, 37.4521, manual
557,Harar keessatti Masjiida Jamia seenaa maali qaba?,Masjiida Jamia Harar Itoophiyaa keessatti madda Islaamaa fi wiirtuu amantii jalqabaati jedhamee amanama., Afaan Oromo, Historical, Masjiida Jamia Harar, Harar, Harari, 9.3111, 42.1250, manual
558,Yeha keessatti museum archaeologii seenaa maali qaba?,Yeha keessatti museum archaeologii meeshaalee seenaa durii naannichaa argama., Afaan Oromo, Historical, Museum Yeha, Yeha, Tigray, 14.2833, 39.0167, manual
559,Axum keessatti Arbatu Entsessat seenaa maali qaba?,Arbatu Entsessat Axum Itoophiyaa keessatti madda kiristaanummaa jalqabaati jedhamee amanama., Afaan Oromo, Historical, Arbatu Entsessat, Axum, Tigray, 14.1211, 38.7234, manual
560,Gondar keessatti mana amantaa Debre Berhan Selassie seenaa maali qaba?,Debre Berhan Selassie Gondar Itoophiyaa keessatti wiirtuu amantii fi seenaa dhaloota 17ffaa ture., Afaan Oromo, Historical, Debre Berhan Selassie, Gondar, Amhara, 12.6030, 37.4521, manual
561,Yeha keessatti siidaa durii seenaa maali qaba?,Siidaa Yeha Itoophiyaa keessatti ijaarsa seenaa dhaloota kiristaanummaa duraa calaqqisiisa., Afaan Oromo, Historical, Siidaa Yeha, Yeha, Tigray, 14.2833, 39.0167, manual
562,Axum keessatti mana mootummaa Sheba seenaa maali qaba?,Mana mootummaa Sheba Axum Itoophiyaa keessatti ijaarsa archaeologii seenaa qabuudha., Afaan Oromo, Historical, Mana mootummaa Sheba, Axum, Tigray, 14.1211, 38.7234, manual
563,Gondar keessatti Bishaan Cuuphaa hambaa UNESCO ta'uun galmaa'eeraa?,Eeyyee Bishaan Cuuphaa Gondar UNESCO hambaa addunyaa ta'uun galmaa'eera., Afaan Oromo, Historical, Bishaan Cuuphaa Gondar, Gondar, Amhara, 12.6030, 37.4521, manual
564,Harar keessatti museum archaeologii seenaa maali qaba?,Harar keessatti museum archaeologii meeshaalee seenaa durii magaalichaa argama., Afaan Oromo, Historical, Harar Museum, Harar, Harari, 9.3111, 42.1250, manual
565,Yeha keessatti museum seenaa seenaa maali qaba?,Yeha keessatti museum seenaa meeshaalee seenaa durii naannichaa argama., Afaan Oromo, Historical, Museum seenaa Yeha, Yeha, Tigray, 14.2833, 39.0167, manual
566,Axum keessatti mana amantaa Qiddus Mariam Tsion seenaa maali qaba?,Qiddus Mariam Tsion Axum Itoophiyaa keessatti madda kiristaanummaa jalqabaati jedhamee amanama., Afaan Oromo, Historical, Qiddus Mariam Tsion, Axum, Tigray, 14.1211, 38.7234, manual
567,Gondar keessatti Masaraa Faasiil hambaa UNESCO ta'uun galmaa'eeraa?,Eeyyee Masaraa Faasiil Gondar UNESCO hambaa addunyaa ta'uun galmaa'eera., Afaan Oromo, Historical, Masaraa Faasiil, Gondar, Amhara, 12.6030, 37.4521, manual
568,Yeha keessatti siidaa durii hambaa UNESCO ta'uun galmaa'eeraa?,Lakki Siidaa Yeha UNESCO hambaa addunyaa ta'uun galmaa'uun hin dandeenye., Afaan Oromo, Historical, Siidaa Yeha, Yeha, Tigray, 14.2833, 39.0167, manual
569,Axum keessatti mana mootummaa Ezana seenaa maali qaba?,Mana mootummaa Ezana Axum Itoophiyaa keessatti ijaarsa archaeologii seenaa qabuudha., Afaan Oromo, Historical, Mana mootummaa Ezana, Axum, Tigray, 14.1211, 38.7234, manual
570,Gondar keessatti Bishaan Cuuphaa seenaa maali qaba?,Bishaan Cuuphaa Gondar wiirtuu amantii kiristaanaa Cuuphaa kabajuuf itti tajaajilaniidha., Afaan Oromo, Historical, Bishaan Cuuphaa Gondar, Gondar, Amhara, 12.6030, 37.4521, manual
571,Harar keessatti Masjiida Jamia seenaa maali qaba?,Masjiida Jamia Harar Itoophiyaa keessatti madda Islaamaa fi wiirtuu amantii jalqabaati jedhamee amanama., Afaan Oromo, Historical, Masjiida Jamia Harar, Harar, Harari, 9.3111, 42.1250, manual
572,Yeha keessatti museum archaeologii seenaa maali qaba?,Yeha keessatti museum archaeologii meeshaalee seenaa durii naannichaa argama., Afaan Oromo, Historical, Museum Yeha, Yeha, Tigray, 14.2833, 39.0167, manual
573,Axum keessatti Arbatu Entsessat seenaa maali qaba?,Arbatu Entsessat Axum Itoophiyaa keessatti madda kiristaanummaa jalqabaati jedhamee amanama., Afaan Oromo, Historical, Arbatu Entsessat, Axum, Tigray, 14.1211, 38.7234, manual
574,Gondar keessatti mana amantaa Debre Berhan Selassie seenaa maali qaba?,Debre Berhan Selassie Gondar Itoophiyaa keessatti wiirtuu amantii fi seenaa dhaloota 17ffaa ture., Afaan Oromo, Historical, Debre Berhan Selassie, Gondar, Amhara, 12.6030, 37.4521, manual
575,Yeha keessatti siidaa durii seenaa maali qaba?,Siidaa Yeha Itoophiyaa keessatti ijaarsa seenaa dhaloota kiristaanummaa duraa calaqqisiisa., Afaan Oromo, Historical, Siidaa Yeha, Yeha, Tigray, 14.2833, 39.0167, manual
576,Axum keessatti mana mootummaa Sheba seenaa maali qaba?,Mana mootummaa Sheba Axum Itoophiyaa keessatti ijaarsa archaeologii seenaa qabuudha., Afaan Oromo, Historical, Mana mootummaa Sheba, Axum, Tigray, 14.1211, 38.7234, manual
577,Gondar keessatti Bishaan Cuuphaa hambaa UNESCO ta'uun galmaa'eeraa?,Eeyyee Bishaan Cuuphaa Gondar UNESCO hambaa addunyaa ta'uun galmaa'eera., Afaan Oromo, Historical, Bishaan Cuuphaa Gondar, Gondar, Amhara, 12.6030, 37.4521, manual
578,Harar keessatti museum archaeologii seenaa maali qaba?,Harar keessatti museum archaeologii meeshaalee seenaa durii magaalichaa argama., Afaan Oromo, Historical, Harar Museum, Harar, Harari, 9.3111, 42.1250, manual
579,Yeha keessatti museum seenaa seenaa maali qaba?,Yeha keessatti museum seenaa meeshaalee seenaa durii naannichaa argama., Afaan Oromo, Historical, Museum seenaa Yeha, Yeha, Tigray, 14.2833, 39.0167, manual
580,Axum keessatti mana amantaa Qiddus Mariam Tsion seenaa maali qaba?,Qiddus Mariam Tsion Axum Itoophiyaa keessatti madda kiristaanummaa jalqabaati jedhamee amanama., Afaan Oromo, Historical, Qiddus Mariam Tsion, Axum, Tigray, 14.1211, 38.7234, manual
581,Gondar keessatti Masaraa Faasiil hambaa UNESCO ta'uun galmaa'eeraa?,Eeyyee Masaraa Faasiil Gondar UNESCO hambaa addunyaa ta'uun galmaa'eera., Afaan Oromo, Historical, Masaraa Faasiil, Gondar, Amhara, 12.6030, 37.4521, manual
582,Yeha keessatti siidaa durii hambaa UNESCO ta'uun galmaa'eeraa?,Lakki Siidaa Yeha UNESCO hambaa addunyaa ta'uun galmaa'uun hin dandeenye., Afaan Oromo, Historical, Siidaa Yeha, Yeha, Tigray, 14.2833, 39.0167, manual
583,Axum keessatti mana mootummaa Ezana seenaa maali qaba?,Mana mootummaa Ezana Axum Itoophiyaa keessatti ijaarsa archaeologii seenaa qabuudha., Afaan Oromo, Historical, Mana mootummaa Ezana, Axum, Tigray, 14.1211, 38.7234, manual
584,Gondar keessatti Bishaan Cuuphaa seenaa maali qaba?,Bishaan Cuuphaa Gondar wiirtuu amantii kiristaanaa Cuuphaa kabajuuf itti tajaajilaniidha., Afaan Oromo, Historical, Bishaan Cuuphaa Gondar, Gondar, Amhara, 12.6030, 37.4521, manual
585,Harar keessatti Masjiida Jamia seenaa maali qaba?,Masjiida Jamia Harar Itoophiyaa keessatti madda Islaamaa fi wiirtuu amantii jalqabaati jedhamee amanama., Afaan Oromo, Historical, Masjiida Jamia Harar, Harar, Harari, 9.3111, 42.1250, manual
586,Yeha keessatti museum archaeologii seenaa maali qaba?,Yeha keessatti museum archaeologii meeshaalee seenaa durii naannichaa argama., Afaan Oromo, Historical, Museum Yeha, Yeha, Tigray, 14.2833, 39.0167, manual
587,Axum keessatti Arbatu Entsessat seenaa maali qaba?,Arbatu Entsessat Axum Itoophiyaa keessatti madda kiristaanummaa jalqabaati jedhamee amanama., Afaan Oromo, Historical, Arbatu Entsessat, Axum, Tigray, 14.1211, 38.7234, manual
588,Gondar keessatti mana amantaa Debre Berhan Selassie seenaa maali qaba?,Debre Berhan Selassie Gondar Itoophiyaa keessatti wiirtuu amantii fi seenaa dhaloota 17ffaa ture., Afaan Oromo, Historical, Debre Berhan Selassie, Gondar, Amhara, 12.6030, 37.4521, manual
589,Yeha keessatti siidaa durii seenaa maali qaba?,Siidaa Yeha Itoophiyaa keessatti ijaarsa seenaa dhaloota kiristaanummaa duraa calaqqisiisa., Afaan Oromo, Historical, Siidaa Yeha, Yeha, Tigray, 14.2833, 39.0167, manual
590,Axum keessatti mana mootummaa Sheba seenaa maali qaba?,Mana mootummaa Sheba Axum Itoophiyaa keessatti ijaarsa archaeologii seenaa qabuudha., Afaan Oromo, Historical, Mana mootummaa Sheba, Axum, Tigray, 14.1211, 38.7234, manual
591,Gondar keessatti Bishaan Cuuphaa hambaa UNESCO ta'uun galmaa'eeraa?,Eeyyee Bishaan Cuuphaa Gondar UNESCO hambaa addunyaa ta'uun galmaa'eera., Afaan Oromo, Historical, Bishaan Cuuphaa Gondar, Gondar, Amhara, 12.6030, 37.4521, manual
592,Harar keessatti museum archaeologii seenaa maali qaba?,Harar keessatti museum archaeologii meeshaalee seenaa durii magaalichaa argama., Afaan Oromo, Historical, Harar Museum, Harar, Harari, 9.3111, 42.1250, manual
593,Yeha keessatti museum seenaa seenaa maali qaba?,Yeha keessatti museum seenaa meeshaalee seenaa durii naannichaa argama., Afaan Oromo, Historical, Museum seenaa Yeha, Yeha, Tigray, 14.2833, 39.0167, manual
594,Axum keessatti mana amantaa Qiddus Mariam Tsion seenaa maali qaba?,Qiddus Mariam Tsion Axum Itoophiyaa keessatti madda kiristaanummaa jalqabaati jedhamee amanama., Afaan Oromo, Historical, Qiddus Mariam Tsion, Axum, Tigray, 14.1211, 38.7234, manual
595,Gondar keessatti Masaraa Faasiil hambaa UNESCO ta'uun galmaa'eeraa?,Eeyyee Masaraa Faasiil Gondar UNESCO hambaa addunyaa ta'uun galmaa'eera., Afaan Oromo, Historical, Masaraa Faasiil, Gondar, Amhara, 12.6030, 37.4521, manual
596,Yeha keessatti siidaa durii hambaa UNESCO ta'uun galmaa'eeraa?,Lakki Siidaa Yeha UNESCO hambaa addunyaa ta'uun galmaa'uun hin dandeenye., Afaan Oromo, Historical, Siidaa Yeha, Yeha, Tigray, 14.2833, 39.0167, manual
597,Axum keessatti mana mootummaa Ezana seenaa maali qaba?,Mana mootummaa Ezana Axum Itoophiyaa keessatti ijaarsa archaeologii seenaa qabuudha., Afaan Oromo, Historical, Mana mootummaa Ezana, Axum, Tigray, 14.1211, 38.7234, manual
598,Gondar keessatti Bishaan Cuuphaa seenaa maali qaba?,Bishaan Cuuphaa Gondar wiirtuu amantii kiristaanaa Cuuphaa kabajuuf itti tajaajilaniidha., Afaan Oromo, Historical, Bishaan Cuuphaa Gondar, Gondar, Amhara, 12.6030, 37.4521, manual
599,Harar keessatti Masjiida Jamia seenaa maali qaba?,Masjiida Jamia Harar Itoophiyaa keessatti madda Islaamaa fi wiirtuu amantii jalqabaati jedhamee amanama., Afaan Oromo, Historical, Masjiida Jamia Harar, Harar, Harari, 9.3111, 42.1250, manual
600,Yeha keessatti museum archaeologii seenaa maali qaba?,Yeha keessatti museum archaeologii meeshaalee seenaa durii naannichaa argama., Afaan Oromo, Historical, Museum Yeha, Yeha, Tigray, 14.2833, 39.0167, manual
601,Axum keessatti kabaa (Ark of Covenant) eessatti argama?,Kabaan Musee (Ark of Covenant) Mana amantaa Qiddus Mariam Tsion Axum keessatti argama jedhamee amanama.,Afaan Oromo,Historical,Ark of Covenant,Axum,Tigray,14.1211,38.7234,manual
602,Gondar keessatti Masaraa Faasiil ijaarsi isaa maali?,Masaraa Faasiil bifa ijaarsa dhagaa fi xubbuu dhaloota 17ffaa calaqqisiisu qaba.,Afaan Oromo,Historical,Masaraa Faasiil,Gondar,Amhara,12.6030,37.4521,manual
603,Harar keessatti Jugal dallaa gurguddaa meeqa qaba?,dallaa Jugal dallaa gurguddaa shan qaba isaanis kellaa adda addaa qabu., Afaan Oromo, Historical, Jugal Harar, Harar, Harari, 9.3111, 42.1250, manual
604,Axum keessatti obeliskii inni guddichi hammam dheerata?,Obeliskii Axum inni guddichi (iddootti kukkufus) meetira 33 dheerata., Afaan Oromo, Historical, Obeliskii Axum, Axum, Tigray, 14.1211, 38.7234, manual
605,Gondar keessatti bishaan Cuuphaa Faasiil maaliif ijaarame?,Bishaan Cuuphaa Faasiil ayyaana Cuuphaa kabajuuf fi bishaan amantii waaduuf ijaarame., Afaan Oromo, Historical, Bishaan Cuuphaa Gondar, Gondar, Amhara, 12.6030, 37.4521, manual
606,Yeha keessatti museum seenaa maaltu argama?,Yeha keessatti museum seenaa meeshaalee archaeologii fi seenaa durii naannichaa argama., Afaan Oromo, Historical, Museum seenaa Yeha, Yeha, Tigray, 14.2833, 39.0167, manual
607,Axum keessatti obeliskii inni kukkufan meeqa jiru?,Obeliskii Axum inni kukkufan baay'eedha garuu sadiitu adda., Afaan Oromo, Historical, Obeliskii Axum, Axum, Tigray, 14.1211, 38.7234, manual
608,Gondar keessatti Debre Berhan Selassie fakkii maali qaba?,Debre Berhan Selassie fakkiiwwan bareedoo fi seenaa amantii kiristaanaa calaqqisiisu qaba., Afaan Oromo, Historical, Debre Berhan Selassie, Gondar, Amhara, 12.6030, 37.4521, manual
609,Yeha keessatti siidaa durii bifa maali qaba?,Siidaa Yeha bifa ijaarsa dhagaa fi archaeologii dhaloota kiristaanummaa duraa calaqqisiisa., Afaan Oromo, Historical, Siidaa Yeha, Yeha, Tigray, 14.2833, 39.0167, manual
610,Axum keessatti Arbatu Entsessat bifa maali qaba?,Arbatu Entsessat bifa ijaarsa dhagaa fi archaeologii seenaa qabuudha., Afaan Oromo, Historical, Arbatu Entsessat, Axum, Tigray, 14.1211, 38.7234, manual
611,Tiya keessatti siidaa dhagaa durii bifa maali qaba?,Siidaa Tiya siidaa dhagaa bifa fakkii fi archaeologii durii calaqqisiisa., Afaan Oromo, Historical, Siidaa Tiya, Sodo, SNNP, 8.4333, 38.6167, manual
612,Masjiida Jamia Harar bifa maali qaba?,Masjiida Jamia Harar bifa ijaarsa dhagaa fi Islaamaa durii calaqqisiisa., Afaan Oromo, Historical, Masjiida Jamia Harar, Harar, Harari, 9.3111, 42.1250, manual
613,Gondar keessatti mana amantaa Qiddus Giyoorgis bifa maali qaba?,Mana amantaa Qiddus Giyoorgis bifa ijaarsa dhagaa fi archaeologii seenaa qabuudha., Afaan Oromo, Historical, Qiddus Giyoorgis Gondar, Gondar, Amhara, 12.6030, 37.4521, manual
614,Axum keessatti obeliskii UNESCO hambaa addunyaa ta'uun galmaa'eeraa?,Eeyyee Obeliskii Axum UNESCO hambaa addunyaa ta'uun galmaa'eera., Afaan Oromo, Historical, Obeliskii Axum, Axum, Tigray, 14.1211, 38.7234, manual
615,Yeha keessatti museum archaeologii bifa maali qaba?,Yeha keessatti museum archaeologii bifa ijaarsa dhagaa fi archaeologii seenaa qabuudha., Afaan Oromo, Historical, Museum Yeha, Yeha, Tigray, 14.2833, 39.0167, manual
616,Gondar keessatti mana amantaa Debre Berhan Selassie UNESCO hambaa addunyaa ta'uun galmaa'eeraa?,Eeyyee Debre Berhan Selassie Gondar UNESCO hambaa addunyaa ta'uun galmaa'eera., Afaan Oromo, Historical, Debre Berhan Selassie, Gondar, Amhara, 12.6030, 37.4521, manual
617,Yeha keessatti siidaa UNESCO hambaa addunyaa ta'uun galmaa'eeraa?,Lakki Siidaa Yeha UNESCO hambaa addunyaa ta'uun galmaa'uun hin dandeenye., Afaan Oromo, Historical, Siidaa Yeha, Yeha, Tigray, 14.2833, 39.0167, manual
618,Axum keessatti Arbatu Entsessat seenaa maali qaba?,Arbatu Entsessat Axum Itoophiyaa keessatti madda kiristaanummaa jalqabaati jedhamee amanama., Afaan Oromo, Historical, Arbatu Entsessat, Axum, Tigray, 14.1211, 38.7234, manual
619,Tiya keessatti siidaa hambaa UNESCO ta'uun galmaa'eeraa?,Eeyyee Siidaa Tiya hambaa UNESCO hambaa addunyaa ta'uun galmaa'eera., Afaan Oromo, Historical, Siidaa Tiya, Sodo, SNNP, 8.4333, 38.6167, manual
620,Harar keessatti museum archaeologii bifa maali qaba?,Harar keessatti museum archaeologii bifa ijaarsa dhagaa fi archaeologii seenaa qabuudha., Afaan Oromo, Historical, Harar Museum, Harar, Harari, 9.3111, 42.1250, manual
621,Yeha keessatti museum seenaa bifa maali qaba?,Yeha keessatti museum seenaa bifa ijaarsa dhagaa fi seenaa qabuudha., Afaan Oromo, Historical, Museum seenaa Yeha, Yeha, Tigray, 14.2833, 39.0167, manual
622,Axum keessatti mana amantaa Qiddus Mariam Tsion seenaa maali qaba?,Qiddus Mariam Tsion Axum Itoophiyaa keessatti madda kiristaanummaa jalqabaati jedhamee amanama., Afaan Oromo, Historical, Qiddus Mariam Tsion, Axum, Tigray, 14.1211, 38.7234, manual
623,Gondar keessatti Masaraa Faasiil bifa maali qaba?,Masaraa Faasiil bifa ijaarsa dhagaa fi archaeologii seenaa qabuudha., Afaan Oromo, Historical, Masaraa Faasiil, Gondar, Amhara, 12.6030, 37.4521, manual
624,Harar keessatti dallaa Jugal bifa maali qaba?,dallaa Jugal bifa ijaarsa dhagaa fi seenaa Islaamaa calaqqisiisa., Afaan Oromo, Historical, Jugal Harar, Harar, Harari, 9.3111, 42.1250, manual
625,Yeha keessatti siidaa durii bifa maali qaba?,Siidaa Yeha bifa ijaarsa dhagaa fi archaeologii dhaloota kiristaanummaa duraa calaqqisiisa., Afaan Oromo, Historical, Siidaa Yeha, Yeha, Tigray, 14.2833, 39.0167, manual
626,Axum keessatti Arbatu Entsessat bifa maali qaba?,Arbatu Entsessat bifa ijaarsa dhagaa fi archaeologii seenaa qabuudha., Afaan Oromo, Historical, Arbatu Entsessat, Axum, Tigray, 14.1211, 38.7234, manual
627,Tiya keessatti siidaa durii bifa maali qaba?,Siidaa Tiya siidaa dhagaa bifa fakkii fi archaeologii durii calaqqisiisa., Afaan Oromo, Historical, Siidaa Tiya, Sodo, SNNP, 8.4333, 38.6167, manual
628,Masjiida Jamia Harar bifa maali qaba?,Masjiida Jamia Harar bifa ijaarsa dhagaa fi Islaamaa durii calaqqisiisa., Afaan Oromo, Historical, Masjiida Jamia Harar, Harar, Harari, 9.3111, 42.1250, manual
629,Gondar keessatti mana amantaa Qiddus Giyoorgis bifa maali qaba?,Mana amantaa Qiddus Giyoorgis bifa ijaarsa dhagaa fi archaeologii seenaa qabuudha., Afaan Oromo, Historical, Qiddus Giyoorgis Gondar, Gondar, Amhara, 12.6030, 37.4521, manual
630,Axum keessatti obeliskii UNESCO hambaa addunyaa ta'uun galmaa'eeraa?,Eeyyee Obeliskii Axum UNESCO hambaa addunyaa ta'uun galmaa'eera., Afaan Oromo, Historical, Obeliskii Axum, Axum, Tigray, 14.1211, 38.7234, manual
631,Yeha keessatti museum archaeologii bifa maali qaba?,Yeha keessatti museum archaeologii bifa ijaarsa dhagaa fi archaeologii seenaa qabuudha., Afaan Oromo, Historical, Museum Yeha, Yeha, Tigray, 14.2833, 39.0167, manual
632,Gondar keessatti mana amantaa Debre Berhan Selassie hambaa UNESCO'n galmaa'eeraa?,Eeyyee Debre Berhan Selassie Gondar UNESCO hambaa addunyaa ta'uun galmaa'eera., Afaan Oromo, Historical, Debre Berhan Selassie, Gondar, Amhara, 12.6030, 37.4521, manual
633,Yeha keessatti siidaa UNESCO hambaa addunyaa ta'uun galmaa'eeraa?,Lakki Siidaa Yeha UNESCO hambaa addunyaa ta'uun galmaa'uun hin dandeenye., Afaan Oromo, Historical, Siidaa Yeha, Yeha, Tigray, 14.2833, 39.0167, manual
634,Axum keessatti Arbatu Entsessat seenaa maali qaba?,Arbatu Entsessat Axum Itoophiyaa keessatti madda kiristaanummaa jalqabaati jedhamee amanama., Afaan Oromo, Historical, Arbatu Entsessat, Axum, Tigray, 14.1211, 38.7234, manual
635,Gondar keessatti Bishaan Cuuphaa hambaa UNESCO ta'uun galmaa'eeraa?,Eeyyee Bishaan Cuuphaa Gondar UNESCO hambaa addunyaa ta'uun galmaa'eera., Afaan Oromo, Historical, Bishaan Cuuphaa Gondar, Gondar, Amhara, 12.6030, 37.4521, manual
636,Harar keessatti museum archaeologii bifa maali qaba?,Harar keessatti museum archaeologii bifa ijaarsa dhagaa fi archaeologii seenaa qabuudha., Afaan Oromo, Historical, Harar Museum, Harar, Harari, 9.3111, 42.1250, manual
637,Yeha keessatti museum seenaa bifa maali qaba?,Yeha keessatti museum seenaa bifa ijaarsa dhagaa fi seenaa qabuudha., Afaan Oromo, Historical, Museum seenaa Yeha, Yeha, Tigray, 14.2833, 39.0167, manual
638,Axum keessatti mana amantaa Qiddus Mariam Tsion seenaa maali qaba?,Qiddus Mariam Tsion Axum Itoophiyaa keessatti madda kiristaanummaa jalqabaati jedhamee amanama., Afaan Oromo, Historical, Qiddus Mariam Tsion, Axum, Tigray, 14.1211, 38.7234, manual
639,Gondar keessatti Masaraa Faasiil bifa maali qaba?,Masaraa Faasiil bifa ijaarsa dhagaa fi archaeologii seenaa qabuudha., Afaan Oromo, Historical, Masaraa Faasiil, Gondar, Amhara, 12.6030, 37.4521, manual
640,Harar keessatti dallaa Jugal bifa maali qaba?,dallaa Jugal bifa ijaarsa dhagaa fi seenaa Islaamaa calaqqisiisa., Afaan Oromo, Historical, Jugal Harar, Harar, Harari, 9.3111, 42.1250, manual
641,Yeha keessatti siidaa durii bifa maali qaba?,Siidaa Yeha bifa ijaarsa dhagaa fi archaeologii dhaloota kiristaanummaa duraa calaqqisiisa., Afaan Oromo, Historical, Siidaa Yeha, Yeha, Tigray, 14.2833, 39.0167, manual
642,Axum keessatti Arbatu Entsessat bifa maali qaba?,Arbatu Entsessat bifa ijaarsa dhagaa fi archaeologii seenaa qabuudha., Afaan Oromo, Historical, Arbatu Entsessat, Axum, Tigray, 14.1211, 38.7234, manual
643,Tiya keessatti siidaa durii bifa maali qaba?,Siidaa Tiya siidaa dhagaa bifa fakkii fi archaeologii durii calaqqisiisa., Afaan Oromo, Historical, Siidaa Tiya, Sodo, SNNP, 8.4333, 38.6167, manual
644,Masjiida Jamia Harar bifa maali qaba?,Masjiida Jamia Harar bifa ijaarsa dhagaa fi Islaamaa durii calaqqisiisa., Afaan Oromo, Historical, Masjiida Jamia Harar, Harar, Harari, 9.3111, 42.1250, manual
645,Gondar keessatti mana amantaa Qiddus Giyoorgis bifa maali qaba?,Mana amantaa Qiddus Giyoorgis bifa ijaarsa dhagaa fi archaeologii seenaa qabuudha., Afaan Oromo, Historical, Qiddus Giyoorgis Gondar, Gondar, Amhara, 12.6030, 37.4521, manual
646,Axum keessatti obeliskii UNESCO hambaa addunyaa ta'uun galmaa'eeraa?,Eeyyee Obeliskii Axum UNESCO hambaa addunyaa ta'uun galmaa'eera., Afaan Oromo, Historical, Obeliskii Axum, Axum, Tigray, 14.1211, 38.7234, manual
647,Yeha keessatti museum archaeologii bifa maali qaba?,Yeha keessatti museum archaeologii bifa ijaarsa dhagaa fi archaeologii seenaa qabuudha., Afaan Oromo, Historical, Museum Yeha, Yeha, Tigray, 14.2833, 39.0167, manual
648,Gondar keessatti mana amantaa Debre Berhan Selassie hambaa UNESCO'n galmaa'eeraa?,Eeyyee Debre Berhan Selassie Gondar UNESCO hambaa addunyaa ta'uun galmaa'eera., Afaan Oromo, Historical, Debre Berhan Selassie, Gondar, Amhara, 12.6030, 37.4521, manual
649,Yeha keessatti siidaa UNESCO hambaa addunyaa ta'uun galmaa'eeraa?,Lakki Siidaa Yeha UNESCO hambaa addunyaa ta'uun galmaa'uun hin dandeenye., Afaan Oromo, Historical, Siidaa Yeha, Yeha, Tigray, 14.2833, 39.0167, manual
650,Axum keessatti Arbatu Entsessat seenaa maali qaba?,Arbatu Entsessat Axum Itoophiyaa keessatti madda kiristaanummaa jalqabaati jedhamee amanama., Afaan Oromo, Historical, Arbatu Entsessat, Axum, Tigray, 14.1211, 38.7234, manual
651,Gondar keessatti Masaraa Faasiil seenaa maali qaba?,Faasiil Ghebbi Gondar keessatti wiirtuu mootummaa Itoophiyaa dhaloota 17ffaa ture.,Afaan Oromo,Historical,Faasiil Ghebbi,Gondar,Amhara,12.6030,37.4521,manual
652,Axum keessatti kabaa (Ark of Covenant) maali?,Ark of Covenant taabota Musee isa amantii kiristaanaa keessatti iddoo guddaa qabuudha.,Afaan Oromo,Historical,Ark of Covenant,Axum,Tigray,14.1211,38.7234,manual
653,Harar keessatti Jugal dallaa gurguddaa meeqa qaba?,dallaa Jugal dallaa gurguddaa shan qaba isaanis kellaa adda addaa qabu., Afaan Oromo, Historical, Jugal Harar, Harar, Harari, 9.3111, 42.1250, manual
654,Axum keessatti obeliskii inni guddichi hammam dheerata?,Obeliskii Axum inni guddichi (iddootti kukkufus) meetira 33 dheerata., Afaan Oromo, Historical, Obeliskii Axum, Axum, Tigray, 14.1211, 38.7234, manual
655,Gondar keessatti bishaan Cuuphaa Faasiil maali?,Bishaan Cuuphaa Faasiil Gondar keessatti bishaan amantii waaduuf tajaajila ture., Afaan Oromo, Historical, Bishaan Cuuphaa Gondar, Gondar, Amhara, 12.6030, 37.4521, manual
656,Yeha keessatti museum seenaa maaltu argama?,Yeha keessatti museum seenaa meeshaalee archaeologii fi seenaa durii naannichaa argama., Afaan Oromo, Historical, Museum seenaa Yeha, Yeha, Tigray, 14.2833, 39.0167, manual
657,Axum keessatti obeliskii inni kukkufan meeqa jiru?,Obeliskii Axum inni kukkufan baay'eedha garuu sadiitu adda., Afaan Oromo, Historical, Obeliskii Axum, Axum, Tigray, 14.1211, 38.7234, manual
660,Axum keessatti Arbatu Entsessat bifa maali qaba?,Arbatu Entsessat bifa ijaarsa dhagaa fi archaeologii seenaa qabuudha., Afaan Oromo, Historical, Arbatu Entsessat, Axum, Tigray, 14.1211, 38.7234, manual
661,Tiya keessatti siidaa dhagaa durii bifa maali qaba?,Siidaa Tiya siidaa dhagaa bifa fakkii fi archaeologii durii calaqqisiisa., Afaan Oromo, Historical, Siidaa Tiya, Sodo, SNNP, 8.4333, 38.6167, manual
662,Masjiida Jamia Harar bifa maali qaba?,Masjiida Jamia Harar bifa ijaarsa dhagaa fi Islaamaa durii calaqqisiisa., Afaan Oromo, Historical, Masjiida Jamia Harar, Harar, Harari, 9.3111, 42.1250, manual
663,Gondar keessatti mana amantaa Qiddus Giyoorgis bifa maali qaba?,Mana amantaa Qiddus Giyoorgis bifa ijaarsa dhagaa fi archaeologii seenaa qabuudha., Afaan Oromo, Historical, Qiddus Giyoorgis Gondar, Gondar, Amhara, 12.6030, 37.4521, manual
664,Axum keessatti obeliskii UNESCO hambaa addunyaa ta'uun galmaa'eeraa?,Eeyyee Obeliskii Axum UNESCO hambaa addunyaa ta'uun galmaa'eera., Afaan Oromo, Historical, Obeliskii Axum, Axum, Tigray, 14.1211, 38.7234, manual
665,Yeha keessatti museum archaeologii bifa maali qaba?,Yeha keessatti museum archaeologii bifa ijaarsa dhagaa fi archaeologii seenaa qabuudha., Afaan Oromo, Historical, Museum Yeha, Yeha, Tigray, 14.2833, 39.0167, manual
666,Gondar keessatti mana amantaa Debre Berhan Selassie hambaa UNESCO'n galmaa'eeraa?,Eeyyee Debre Berhan Selassie Gondar UNESCO hambaa addunyaa ta'uun galmaa'eera., Afaan Oromo, Historical, Debre Berhan Selassie, Gondar, Amhara, 12.6030, 37.4521, manual
667,Yeha keessatti siidaa UNESCO hambaa addunyaa ta'uun galmaa'eeraa?,Lakki Siidaa Yeha UNESCO hambaa addunyaa ta'uun galmaa'uun hin dandeenye., Afaan Oromo, Historical, Siidaa Yeha, Yeha, Tigray, 14.2833, 39.0167, manual
668,Axum keessatti Arbatu Entsessat seenaa maali qaba?,Arbatu Entsessat Axum Itoophiyaa keessatti madda kiristaanummaa jalqabaati jedhamee amanama., Afaan Oromo, Historical, Arbatu Entsessat, Axum, Tigray, 14.1211, 38.7234, manual
669,Tiya keessatti siidaa hambaa UNESCO ta'uun galmaa'eeraa?,Eeyyee Siidaa Tiya hambaa UNESCO hambaa addunyaa ta'uun galmaa'eera., Afaan Oromo, Historical, Siidaa Tiya, Sodo, SNNP, 8.4333, 38.6167, manual
670,Harar keessatti museum archaeologii bifa maali qaba?,Harar keessatti museum archaeologii bifa ijaarsa dhagaa fi archaeologii seenaa qabuudha., Afaan Oromo, Historical, Harar Museum, Harar, Harari, 9.3111, 42.1250, manual
671,Yeha keessatti museum seenaa bifa maali qaba?,Yeha keessatti museum seenaa bifa ijaarsa dhagaa fi seenaa qabuudha., Afaan Oromo, Historical, Museum seenaa Yeha, Yeha, Tigray, 14.2833, 39.0167, manual
672,Axum keessatti mana amantaa Qiddus Mariam Tsion seenaa maali qaba?,Qiddus Mariam Tsion Axum Itoophiyaa keessatti madda kiristaanummaa jalqabaati jedhamee amanama., Afaan Oromo, Historical, Qiddus Mariam Tsion, Axum, Tigray, 14.1211, 38.7234, manual
673,Gondar keessatti Masaraa Faasiil bifa maali qaba?,Masaraa Faasiil bifa ijaarsa dhagaa fi archaeologii seenaa qabuudha., Afaan Oromo, Historical, Masaraa Faasiil, Gondar, Amhara, 12.6030, 37.4521, manual
674,Harar keessatti dallaa Jugal bifa maali qaba?,dallaa Jugal bifa ijaarsa dhagaa fi seenaa Islaamaa calaqqisiisa., Afaan Oromo, Historical, Jugal Harar, Harar, Harari, 9.3111, 42.1250, manual
675,Yeha keessatti siidaa durii bifa maali qaba?,Siidaa Yeha bifa ijaarsa dhagaa fi archaeologii dhaloota kiristaanummaa duraa calaqqisiisa., Afaan Oromo, Historical, Siidaa Yeha, Yeha, Tigray, 14.2833, 39.0167, manual
676,Axum keessatti Arbatu Entsessat bifa maali qaba?,Arbatu Entsessat bifa ijaarsa dhagaa fi archaeologii seenaa qabuudha., Afaan Oromo, Historical, Arbatu Entsessat, Axum, Tigray, 14.1211, 38.7234, manual
677,Tiya keessatti siidaa durii bifa maali qaba?,Siidaa Tiya siidaa dhagaa bifa fakkii fi archaeologii durii calaqqisiisa., Afaan Oromo, Historical, Siidaa Tiya, Sodo, SNNP, 8.4333, 38.6167, manual
678,Masjiida Jamia Harar bifa maali qaba?,Masjiida Jamia Harar bifa ijaarsa dhagaa fi Islaamaa durii calaqqisiisa., Afaan Oromo, Historical, Masjiida Jamia Harar, Harar, Harari, 9.3111, 42.1250, manual
679,Gondar keessatti mana amantaa Qiddus Giyoorgis bifa maali qaba?,Mana amantaa Qiddus Giyoorgis bifa ijaarsa dhagaa fi archaeologii seenaa qabuudha., Afaan Oromo, Historical, Qiddus Giyoorgis Gondar, Gondar, Amhara, 12.6030, 37.4521, manual
680,Axum keessatti obeliskii UNESCO hambaa addunyaa ta'uun galmaa'eeraa?,Eeyyee Obeliskii Axum UNESCO hambaa addunyaa ta'uun galmaa'eera., Afaan Oromo, Historical, Obeliskii Axum, Axum, Tigray, 14.1211, 38.7234, manual
681,Yeha keessatti museum archaeologii bifa maali qaba?,Yeha keessatti museum archaeologii bifa ijaarsa dhagaa fi archaeologii seenaa qabuudha., Afaan Oromo, Historical, Museum Yeha, Yeha, Tigray, 14.2833, 39.0167, manual
682,Gondar keessatti mana amantaa Debre Berhan Selassie hambaa UNESCO'n galmaa'eeraa?,Eeyyee Debre Berhan Selassie Gondar UNESCO hambaa addunyaa ta'uun galmaa'eera., Afaan Oromo, Historical, Debre Berhan Selassie, Gondar, Amhara, 12.6030, 37.4521, manual
683,Yeha keessatti siidaa UNESCO hambaa addunyaa ta'uun galmaa'eeraa?,Lakki Siidaa Yeha UNESCO hambaa addunyaa ta'uun galmaa'uun hin dandeenye., Afaan Oromo, Historical, Siidaa Yeha, Yeha, Tigray, 14.2833, 39.0167, manual
684,Axum keessatti Arbatu Entsessat seenaa maali qaba?,Arbatu Entsessat Axum Itoophiyaa keessatti madda kiristaanummaa jalqabaati jedhamee amanama., Afaan Oromo, Historical, Arbatu Entsessat, Axum, Tigray, 14.1211, 38.7234, manual
685,Tiya keessatti siidaa hambaa UNESCO ta'uun galmaa'eeraa?,Eeyyee Siidaa Tiya hambaa UNESCO hambaa addunyaa ta'uun galmaa'eera., Afaan Oromo, Historical, Siidaa Tiya, Sodo, SNNP, 8.4333, 38.6167, manual
686,Harar keessatti museum archaeologii bifa maali qaba?,Harar keessatti museum archaeologii bifa ijaarsa dhagaa fi archaeologii seenaa qabuudha., Afaan Oromo, Historical, Harar Museum, Harar, Harari, 9.3111, 42.1250, manual
687,Yeha keessatti museum seenaa bifa maali qaba?,Yeha keessatti museum seenaa bifa ijaarsa dhagaa fi seenaa qabuudha., Afaan Oromo, Historical, Museum seenaa Yeha, Yeha, Tigray, 14.2833, 39.0167, manual
688,Axum keessatti mana amantaa Qiddus Mariam Tsion seenaa maali qaba?,Qiddus Mariam Tsion Axum Itoophiyaa keessatti madda kiristaanummaa jalqabaati jedhamee amanama., Afaan Oromo, Historical, Qiddus Mariam Tsion, Axum, Tigray, 14.1211, 38.7234, manual
689,Gondar keessatti Masaraa Faasiil bifa maali qaba?,Masaraa Faasiil bifa ijaarsa dhagaa fi archaeologii seenaa qabuudha., Afaan Oromo, Historical, Masaraa Faasiil, Gondar, Amhara, 12.6030, 37.4521, manual
690,Harar keessatti dallaa Jugal bifa maali qaba?,dallaa Jugal bifa ijaarsa dhagaa fi seenaa Islaamaa calaqqisiisa., Afaan Oromo, Historical, Jugal Harar, Harar, Harari, 9.3111, 42.1250, manual
691,Yeha keessatti siidaa durii bifa maali qaba?,Siidaa Yeha bifa ijaarsa dhagaa fi archaeologii dhaloota kiristaanummaa duraa calaqqisiisa., Afaan Oromo, Historical, Siidaa Yeha, Yeha, Tigray, 14.2833, 39.0167, manual
692,Axum keessatti Arbatu Entsessat bifa maali qaba?,Arbatu Entsessat bifa ijaarsa dhagaa fi archaeologii seenaa qabuudha., Afaan Oromo, Historical, Arbatu Entsessat, Axum, Tigray, 14.1211, 38.7234, manual
693,Tiya keessatti siidaa durii bifa maali qaba?,Siidaa Tiya siidaa dhagaa bifa fakkii fi archaeologii durii calaqqisiisa., Afaan Oromo, Historical, Siidaa Tiya, Sodo, SNNP, 8.4333, 38.6167, manual
694,Masjiida Jamia Harar bifa maali qaba?,Masjiida Jamia Harar bifa ijaarsa dhagaa fi Islaamaa durii calaqqisiisa., Afaan Oromo, Historical, Masjiida Jamia Harar, Harar, Harari, 9.3111, 42.1250, manual
695,Gondar keessatti mana amantaa Qiddus Giyoorgis bifa maali qaba?,Mana amantaa Qiddus Giyoorgis bifa ijaarsa dhagaa fi archaeologii seenaa qabuudha., Afaan Oromo, Historical, Qiddus Giyoorgis Gondar, Gondar, Amhara, 12.6030, 37.4521, manual
696,Axum keessatti obeliskii UNESCO hambaa addunyaa ta'uun galmaa'eeraa?,Eeyyee Obeliskii Axum UNESCO hambaa addunyaa ta'uun galmaa'eera., Afaan Oromo, Historical, Obeliskii Axum, Axum, Tigray, 14.1211, 38.7234, manual
697,Yeha keessatti museum archaeologii bifa maali qaba?,Yeha keessatti museum archaeologii bifa ijaarsa dhagaa fi archaeologii seenaa qabuudha., Afaan Oromo, Historical, Museum Yeha, Yeha, Tigray, 14.2833, 39.0167, manual
698,Gondar keessatti mana amantaa Debre Berhan Selassie hambaa UNESCO'n galmaa'eeraa?,Eeyyee Debre Berhan Selassie Gondar UNESCO hambaa addunyaa ta'uun galmaa'eera., Afaan Oromo, Historical, Debre Berhan Selassie, Gondar, Amhara, 12.6030, 37.4521, manual
699,Yeha keessatti siidaa UNESCO hambaa addunyaa ta'uun galmaa'eeraa?,Lakki Siidaa Yeha UNESCO hambaa addunyaa ta'uun galmaa'uun hin dandeenye., Afaan Oromo, Historical, Siidaa Yeha, Yeha, Tigray, 14.2833, 39.0167, manual
700,Axum keessatti Arbatu Entsessat seenaa maali qaba?,Arbatu Entsessat Axum Itoophiyaa keessatti madda kiristaanummaa jalqabaati jedhamee amanama., Afaan Oromo, Historical, Arbatu Entsessat, Axum, Tigray, 14.1211, 38.7234, manual
701,Masaraa Abbaa Jifaar eessa jira?,Masaraa Abbaa Jifaar Jimma keessatti madaallii magaalichaa irratti argama.,Afaan Oromo,Historical,Masaraa Abbaa Jifaar,Jimma,Oromia,7.6667,36.8333,manual
702,Masaraa Abbaa Jifaar ijaarsi isaa maali?,Masaraa Abbaa Jifaar bifa ijaarsa dhagaa fi xubbuu dhaloota 19ffaa calaqqisiisu qaba.,Afaan Oromo,Historical,Masaraa Abbaa Jifaar,Jimma,Oromia,7.6667,36.8333,manual
703,Harar keessatti museum archaeologii maaltu argama?,Museum archaeologii Harar keessatti meeshaalee durii fi archaeologii magaalichaa argama.,Afaan Oromo,Historical,Harar Museum,Harar,Harari,9.3111,42.1250,manual
704,Yeha keessatti museum archaeologii maaltu argama?,Yeha keessatti museum archaeologii meeshaalee archaeologii fi seenaa durii naannichaa argama.,Afaan Oromo,Historical,Museum Yeha,Yeha,Tigray,14.2833,39.0167,manual
705,Axum keessatti obeliskii durii hammam jiru?,Obeliskii durii baay'een Axum keessatti argamu garuu sadiitu adda.,Afaan Oromo,Historical,Obeliskii Axum,Axum,Tigray,14.1211,38.7234,manual
706,Gondar keessatti Bishaan Cuuphaa Faasiil maali?,Bishaan Cuuphaa Faasiil Gondar keessatti bishaan amantii waaduuf tajaajila ture.,Afaan Oromo,Historical,Bishaan Cuuphaa Gondar,Gondar,Amhara,12.6030,37.4521,manual
707,Harar keessatti Masjiida Jamia bifa maali qaba?,Masjiida Jamia Harar bifa ijaarsa dhagaa fi Islaamaa durii calaqqisiisa.,Afaan Oromo,Historical,Masjiida Jamia Harar,Harar,Harari,9.3111,42.1250,manual
708,Axum keessatti Arbatu Entsessat bifa maali qaba?,Arbatu Entsessat bifa ijaarsa dhagaa fi archaeologii seenaa qabuudha.,Afaan Oromo,Historical,Arbatu Entsessat,Axum,Tigray,14.1211,38.7234,manual
709,Yeha keessatti siidaa durii bifa maali qaba?,Siidaa Yeha bifa ijaarsa dhagaa fi archaeologii dhaloota kiristaanummaa duraa calaqqisiisa.,Afaan Oromo,Historical,Siidaa Yeha,Yeha,Tigray,14.2833,39.0167,manual
710,Gondar keessatti Debre Berhan Selassie fakkii maali qaba?,Debre Berhan Selassie fakkiiwwan bareedoo fi seenaa amantii kiristaanaa calaqqisiisu qaba.,Afaan Oromo,Historical,Debre Berhan Selassie,Gondar,Amhara,12.6030,37.4521,manual
711,Axum keessatti obeliskii UNESCO hambaa addunyaa ta'uun galmaa'eeraa?,Eeyyee Obeliskii Axum UNESCO hambaa addunyaa ta'uun galmaa'eera.,Afaan Oromo,Historical,Obeliskii Axum,Axum,Tigray,14.1211,38.7234,manual
712,Tiya keessatti siidaa dhagaa durii bifa maali qaba?,Siidaa Tiya siidaa dhagaa bifa fakkii fi archaeologii durii calaqqisiisa.,Afaan Oromo,Historical,Siidaa Tiya,Sodo,SNNP,8.4333,38.6167,manual
713,Yeha keessatti museum archaeologii seenaa maali qaba?,Yeha keessatti museum archaeologii meeshaalee seenaa durii naannichaa argama.,Afaan Oromo,Historical,Museum Yeha,Yeha,Tigray,14.2833,39.0167,manual
715,Yeha keessatti siidaa UNESCO hambaa addunyaa ta'uun galmaa'eeraa?,Lakki Siidaa Yeha UNESCO hambaa addunyaa ta'uun galmaa'uun hin dandeenye.,Afaan Oromo,Historical,Siidaa Yeha,Yeha,Tigray,14.2833,39.0167,manual
716,Axum keessatti Arbatu Entsessat seenaa maali qaba?,Arbatu Entsessat Axum Itoophiyaa keessatti madda kiristaanummaa jalqabaati jedhamee amanama.,Afaan Oromo,Historical,Arbatu Entsessat,Axum,Tigray,14.1211,38.7234,manual
717,Tiya keessatti siidaa hambaa UNESCO ta'uun galmaa'eeraa?,Eeyyee Siidaa Tiya hambaa UNESCO hambaa addunyaa ta'uun galmaa'eera.,Afaan Oromo,Historical,Siidaa Tiya,Sodo,SNNP,8.4333,38.6167,manual
718,Harar keessatti museum archaeologii bifa maali qaba?,Harar keessatti museum archaeologii bifa ijaarsa dhagaa fi archaeologii seenaa qabuudha.,Afaan Oromo,Historical,Harar Museum,Harar,Harari,9.3111,42.1250,manual
719,Yeha keessatti museum seenaa bifa maali qaba?,Yeha keessatti museum seenaa bifa ijaarsa dhagaa fi seenaa qabuudha.,Afaan Oromo,Historical,Museum seenaa Yeha,Yeha,Tigray,14.2833,39.0167,manual
720,Axum keessatti mana amantaa Qiddus Mariam Tsion seenaa maali qaba?,Qiddus Mariam Tsion Axum Itoophiyaa keessatti madda kiristaanummaa jalqabaati jedhamee amanama.,Afaan Oromo,Historical,Qiddus Mariam Tsion,Axum,Tigray,14.1211,38.7234,manual
721,Gondar keessatti Masaraa Faasiil bifa maali qaba?,Masaraa Faasiil bifa ijaarsa dhagaa fi archaeologii seenaa qabuudha.,Afaan Oromo,Historical,Masaraa Faasiil,Gondar,Amhara,12.6030,37.4521,manual
722,Harar keessatti dallaa Jugal bifa maali qaba?,dallaa Jugal bifa ijaarsa dhagaa fi seenaa Islaamaa calaqqisiisa.,Afaan Oromo,Historical,Jugal Harar,Harar,Harari,9.3111,42.1250,manual
723,Yeha keessatti siidaa durii bifa maali qaba?,Siidaa Yeha bifa ijaarsa dhagaa fi archaeologii dhaloota kiristaanummaa duraa calaqqisiisa.,Afaan Oromo,Historical,Siidaa Yeha,Yeha,Tigray,14.2833,39.0167,manual
724,Axum keessatti Arbatu Entsessat bifa maali qaba?,Arbatu Entsessat bifa ijaarsa dhagaa fi archaeologii seenaa qabuudha.,Afaan Oromo,Historical,Arbatu Entsessat,Axum,Tigray,14.1211,38.7234,manual
725,Tiya keessatti siidaa durii bifa maali qaba?,Siidaa Tiya siidaa dhagaa bifa fakkii fi archaeologii durii calaqqisiisa.,Afaan Oromo,Historical,Siidaa Tiya,Sodo,SNNP,8.4333,38.6167,manual
726,Masjiida Jamia Harar bifa maali qaba?,Masjiida Jamia Harar bifa ijaarsa dhagaa fi Islaamaa durii calaqqisiisa.,Afaan Oromo,Historical,Masjiida Jamia Harar,Harar,Harari,9.3111,42.1250,manual
727,Gondar keessatti mana amantaa Qiddus Giyoorgis bifa maali qaba?,Mana amantaa Qiddus Giyoorgis bifa ijaarsa dhagaa fi archaeologii seenaa qabuudha.,Afaan Oromo,Historical,Qiddus Giyoorgis Gondar,Gondar,Amhara,12.6030,37.4521,manual
728,Axum keessatti obeliskii UNESCO hambaa addunyaa ta'uun galmaa'eeraa?,Eeyyee Obeliskii Axum UNESCO hambaa addunyaa ta'uun galmaa'eera.,Afaan Oromo,Historical,Obeliskii Axum,Axum,Tigray,14.1211,38.7234,manual
729,Yeha keessatti museum archaeologii bifa maali qaba?,Yeha keessatti museum archaeologii bifa ijaarsa dhagaa fi archaeologii seenaa qabuudha.,Afaan Oromo,Historical,Museum Yeha,Yeha,Tigray,14.2833,39.0167,manual
730,Gondar keessatti mana amantaa Debre Berhan Selassie hambaa UNESCO'n galmaa'eeraa?,Eeyyee Debre Berhan Selassie Gondar UNESCO hambaa addunyaa ta'uun galmaa'eera.,Afaan Oromo,Historical,Debre Berhan Selassie,Gondar,Amhara,12.6030,37.4521,manual
731,Yeha keessatti siidaa UNESCO hambaa addunyaa ta'uun galmaa'eeraa?,Lakki Siidaa Yeha UNESCO hambaa addunyaa ta'uun galmaa'uun hin dandeenye.,Afaan Oromo,Historical,Siidaa Yeha,Yeha,Tigray,14.2833,39.0167,manual
732,Axum keessatti Arbatu Entsessat seenaa maali qaba?,Arbatu Entsessat Axum Itoophiyaa keessatti madda kiristaanummaa jalqabaati jedhamee amanama.,Afaan Oromo,Historical,Arbatu Entsessat,Axum,Tigray,14.1211,38.7234,manual
733,Gondar keessatti Bishaan Cuuphaa hambaa UNESCO ta'uun galmaa'eeraa?,Eeyyee Bishaan Cuuphaa Gondar UNESCO hambaa addunyaa ta'uun galmaa'eera.,Afaan Oromo,Historical,Bishaan Cuuphaa Gondar,Gondar,Amhara,12.6030,37.4521,manual
734,Harar keessatti museum archaeologii bifa maali qaba?,Harar keessatti museum archaeologii bifa ijaarsa dhagaa fi archaeologii seenaa qabuudha.,Afaan Oromo,Historical,Harar Museum,Harar,Harari,9.3111,42.1250,manual
735,Yeha keessatti museum seenaa bifa maali qaba?,Yeha keessatti museum seenaa bifa ijaarsa dhagaa fi seenaa qabuudha.,Afaan Oromo,Historical,Museum seenaa Yeha,Yeha,Tigray,14.2833,39.0167,manual
736,Axum keessatti mana amantaa Qiddus Mariam Tsion seenaa maali qaba?,Qiddus Mariam Tsion Axum Itoophiyaa keessatti madda kiristaanummaa jalqabaati jedhamee amanama.,Afaan Oromo,Historical,Qiddus Mariam Tsion,Axum,Tigray,14.1211,38.7234,manual
737,Gondar keessatti Masaraa Faasiil bifa maali qaba?,Masaraa Faasiil bifa ijaarsa dhagaa fi archaeologii seenaa qabuudha.,Afaan Oromo,Historical,Masaraa Faasiil,Gondar,Amhara,12.6030,37.4521,manual
738,Harar keessatti dallaa Jugal bifa maali qaba?,dallaa Jugal bifa ijaarsa dhagaa fi seenaa Islaamaa calaqqisiisa.,Afaan Oromo,Historical,Jugal Harar,Harar,Harari,9.3111,42.1250,manual
739,Yeha keessatti siidaa durii bifa maali qaba?,Siidaa Yeha bifa ijaarsa dhagaa fi archaeologii dhaloota kiristaanummaa duraa calaqqisiisa.,Afaan Oromo,Historical,Siidaa Yeha,Yeha,Tigray,14.2833,39.0167,manual
740,Axum keessatti Arbatu Entsessat bifa maali qaba?,Arbatu Entsessat bifa ijaarsa dhagaa fi archaeologii seenaa qabuudha.,Afaan Oromo,Historical,Arbatu Entsessat,Axum,Tigray,14.1211,38.7234,manual
741,Tiya keessatti siidaa durii bifa maali qaba?,Siidaa Tiya siidaa dhagaa bifa fakkii fi archaeologii durii calaqqisiisa.,Afaan Oromo,Historical,Siidaa Tiya,Sodo,SNNP,8.4333,38.6167,manual
742,Masjiida Jamia Harar bifa maali qaba?,Masjiida Jamia Harar bifa ijaarsa dhagaa fi Islaamaa durii calaqqisiisa.,Afaan Oromo,Historical,Masjiida Jamia Harar,Harar,Harari,9.3111,42.1250,manual
743,Gondar keessatti mana amantaa Qiddus Giyoorgis bifa maali qaba?,Mana amantaa Qiddus Giyoorgis bifa ijaarsa dhagaa fi archaeologii seenaa qabuudha.,Afaan Oromo,Historical,Qiddus Giyoorgis Gondar,Gondar,Amhara,12.6030,37.4521,manual
745,Yeha keessatti museum archaeologii bifa maali qaba?,Yeha keessatti museum archaeologii bifa ijaarsa dhagaa fi archaeologii seenaa qabuudha.,Afaan Oromo,Historical,Museum Yeha,Yeha,Tigray,14.2833,39.0167,manual
747,Yeha keessatti siidaa UNESCO hambaa addunyaa ta'uun galmaa'eeraa?,Lakki Siidaa Yeha UNESCO hambaa addunyaa ta'uun galmaa'uun hin dandeenye.,Afaan Oromo,Historical,Siidaa Yeha,Yeha,Tigray,14.2833,39.0167,manual
748,Axum keessatti Arbatu Entsessat seenaa maali qaba?,Arbatu Entsessat Axum Itoophiyaa keessatti madda kiristaanummaa jalqabaati jedhamee amanama.,Afaan Oromo,Historical,Arbatu Entsessat,Axum,Tigray,14.1211,38.7234,manual
749,Tiya keessatti siidaa hambaa UNESCO ta'uun galmaa'eeraa?,Eeyyee Siidaa Tiya hambaa UNESCO hambaa addunyaa ta'uun galmaa'eera.,Afaan Oromo,Historical,Siidaa Tiya, Sodo, SNNP, 8.4333, 38.6167, manual
750,Harar keessatti museum archaeologii bifa maali qaba?,Harar keessatti museum archaeologii bifa ijaarsa dhagaa fi archaeologii seenaa qabuudha.,Afaan Oromo,Historical,Harar Museum,Harar,Harari,9.3111,42.1250,manual
751,Yeha keessatti museum seenaa bifa maali qaba?,Yeha keessatti museum seenaa bifa ijaarsa dhagaa fi seenaa qabuudha.,Afaan Oromo,Historical,Museum seenaa Yeha,Yeha,Tigray,14.2833,39.0167,manual
752,Axum keessatti mana amantaa Qiddus Mariam Tsion seenaa maali qaba?,Qiddus Mariam Tsion Axum Itoophiyaa keessatti madda kiristaanummaa jalqabaati jedhamee amanama.,Afaan Oromo,Historical,Qiddus Mariam Tsion,Axum,Tigray,14.1211,38.7234,manual
753,Gondar keessatti Masaraa Faasiil bifa maali qaba?,Masaraa Faasiil bifa ijaarsa dhagaa fi archaeologii seenaa qabuudha.,Afaan Oromo,Historical,Masaraa Faasiil,Gondar,Amhara,12.6030,37.4521,manual
754,Harar keessatti dallaa Jugal bifa maali qaba?,dallaa Jugal bifa ijaarsa dhagaa fi seenaa Islaamaa calaqqisiisa.,Afaan Oromo,Historical,Jugal Harar,Harar,Harari,9.3111,42.1250,manual
755,Yeha keessatti siidaa durii bifa maali qaba?,Siidaa Yeha bifa ijaarsa dhagaa fi archaeologii dhaloota kiristaanummaa duraa calaqqisiisa.,Afaan Oromo,Historical,Siidaa Yeha,Yeha,Tigray,14.2833,39.0167,manual
756,Axum keessatti Arbatu Entsessat bifa maali qaba?,Arbatu Entsessat bifa ijaarsa dhagaa fi archaeologii seenaa qabuudha.,Afaan Oromo,Historical,Arbatu Entsessat,Axum,Tigray,14.1211,38.7234,manual
757,Tiya keessatti siidaa durii bifa maali qaba?,Siidaa Tiya siidaa dhagaa bifa fakkii fi archaeologii durii calaqqisiisa.,Afaan Oromo,Historical,Siidaa Tiya, Sodo, SNNP, 8.4333, 38.6167, manual
758,Masjiida Jamia Harar bifa maali qaba?,Masjiida Jamia Harar bifa ijaarsa dhagaa fi Islaamaa durii calaqqisiisa.,Afaan Oromo,Historical,Masjiida Jamia Harar,Harar,Harari,9.3111,42.1250,manual
759,Gondar keessatti mana amantaa Qiddus Giyoorgis bifa maali qaba?,Mana amantaa Qiddus Giyoorgis bifa ijaarsa dhagaa fi archaeologii seenaa qabuudha.,Afaan Oromo,Historical,Qiddus Giyoorgis Gondar,Gondar,Amhara,12.6030,37.4521,manual
760,Axum keessatti obeliskii UNESCO hambaa addunyaa ta'uun galmaa'eeraa?,Eeyyee Obeliskii Axum UNESCO hambaa addunyaa ta'uun galmaa'eera.,Afaan Oromo,Historical,Obeliskii Axum,Axum,Tigray,14.1211,38.7234,manual
761,Yeha keessatti museum archaeologii bifa maali qaba?,Yeha keessatti museum archaeologii bifa ijaarsa dhagaa fi archaeologii seenaa qabuudha.,Afaan Oromo,Historical,Museum Yeha,Yeha,Tigray,14.2833,39.0167,manual
762,Gondar keessatti mana amantaa Debre Berhan Selassie hambaa UNESCO'n galmaa'eeraa?,Eeyyee Debre Berhan Selassie Gondar UNESCO hambaa addunyaa ta'uun galmaa'eera.,Afaan Oromo,Historical,Debre Berhan Selassie,Gondar,Amhara,12.6030,37.4521,manual
763,Yeha keessatti siidaa UNESCO hambaa addunyaa ta'uun galmaa'eeraa?,Lakki Siidaa Yeha UNESCO hambaa addunyaa ta'uun galmaa'uun hin dandeenye.,Afaan Oromo,Historical,Siidaa Yeha,Yeha,Tigray,14.2833,39.0167,manual
764,Axum keessatti Arbatu Entsessat seenaa maali qaba?,Arbatu Entsessat Axum Itoophiyaa keessatti madda kiristaanummaa jalqabaati jedhamee manama.,Afaan Oromo,Historical,Arbatu Entsessat,Axum,Tigray,14.1211,38.7234,manual
765,Tiya keessatti siidaa hambaa UNESCO ta'uun galmaa'eeraa?,Eeyyee Siidaa Tiya hambaa UNESCO hambaa addunyaa ta'uun galmaa'eera.,Afaan Oromo,Historical,Siidaa Tiya, Sodo, SNNP, 8.4333, 38.6167, manual
766,Harar keessatti museum archaeologii bifa maali qaba?,Harar keessatti museum archaeologii bifa ijaarsa dhagaa fi archaeologii seenaa qabuudha.,Afaan Oromo,Historical,Harar Museum,Harar,Harari,9.3111,42.1250,manual
767,Yeha keessatti museum seenaa bifa maali qaba?,Yeha keessatti museum seenaa bifa ijaarsa dhagaa fi seenaa qabuudha.,Afaan Oromo,Historical,Museum seenaa Yeha,Yeha,Tigray,14.2833,39.0167,manual
768,Axum keessatti mana amantaa Qiddus Mariam Tsion seenaa maali qaba?,Qiddus Mariam Tsion Axum Itoophiyaa keessatti madda kiristaanummaa jalqabaati jedhamee amanama.,Afaan Oromo,Historical,Qiddus Mariam Tsion,Axum,Tigray,14.1211,38.7234,manual
769,Gondar keessatti Masaraa Faasiil bifa maali qaba?,Masaraa Faasiil bifa ijaarsa dhagaa fi archaeologii seenaa qabuudha.,Afaan Oromo,Historical,Masaraa Faasiil,Gondar,Amhara,12.6030,37.4521,manual
770,Harar keessatti dallaa Jugal bifa maali qaba?,dallaa Jugal bifa ijaarsa dhagaa fi seenaa Islaamaa calaqqisiisa.,Afaan Oromo,Historical,Jugal Harar,Harar,Harari,9.3111,42.1250,manual
771,Yeha keessatti siidaa durii bifa maali qaba?,Siidaa Yeha bifa ijaarsa dhagaa fi archaeologii dhaloota kiristaanummaa duraa calaqqisiisa.,Afaan Oromo,Historical,Siidaa Yeha,Yeha,Tigray,14.2833,39.0167,manual
772,Axum keessatti Arbatu Entsessat bifa maali qaba?,Arbatu Entsessat bifa ijaarsa dhagaa fi archaeologii seenaa qabuudha.,Afaan Oromo,Historical,Arbatu Entsessat,Axum,Tigray,14.1211,38.7234,manual
773,Tiya keessatti siidaa durii bifa maali qaba?,Siidaa Tiya siidaa dhagaa bifa fakkii fi archaeologii durii calaqqisiisa.,Afaan Oromo,Historical,Siidaa Tiya, Sodo, SNNP, 8.4333, 38.6167, manual
774,Masjiida Jamia Harar bifa maali qaba?,Masjiida Jamia Harar bifa ijaarsa dhagaa fi Islaamaa durii calaqqisiisa.,Afaan Oromo,Historical,Masjiida Jamia Harar,Harar,Harari,9.3111,42.1250,manual
775,Gondar keessatti mana amantaa Qiddus Giyoorgis bifa maali qaba?,Mana amantaa Qiddus Giyoorgis bifa ijaarsa dhagaa fi archaeologii seenaa qabuudha.,Afaan Oromo,Historical,Qiddus Giyoorgis Gondar,Gondar,Amhara,12.6030,37.4521,manual
777,Yeha keessatti museum archaeologii bifa maali qaba?,Yeha keessatti museum archaeologii bifa ijaarsa dhagaa fi archaeologii seenaa qabuudha.,Afaan Oromo,Historical,Museum Yeha,Yeha,Tigray,14.2833,39.0167,manual
778,Gondar keessatti mana amantaa Debre Berhan Selassie hambaa UNESCO'n galmaa'eeraa?,Eeyye Debre Berhan Selassie Gondar UNESCO hambaa addunyaa ta'uun galmaa'eera.,Afaan Oromo,Historical,Debre Berhan Selassie,Gondar,Amhara,12.6030,37.4521,manual
779,Yeha keessatti siidaa UNESCO hambaa addunyaa ta'uun galmaa'eeraa?,Lakki Siidaa Yeha UNESCO hambaa addunyaa ta'uun galmaa'uun hin dandeenye.,Afaan Oromo,Historical,Siidaa Yeha,Yeha,Tigray,14.2833,39.0167,manual
780,Axum keessatti Arbatu Entsessat seenaa maali qaba?,Arbatu Entsessat Axum Itoophiyaa keessatti madda kiristaanummaa jalqabaati jedhamee manama.,Afaan Oromo,Historical,Arbatu Entsessat,Axum,Tigray,14.1211,38.7234,manual
781,Gondar keessatti Bishaan Cuuphaa hambaa UNESCO ta'uun galmaa'eeraa?,Eeyyee Bishaan Cuuphaa Gondar UNESCO hambaa addunyaa ta'uun galmaa'eera.,Afaan Oromo,Historical,Bishaan Cuuphaa Gondar,Gondar,Amhara,12.6030,37.4521,manual
782,Harar keessatti museum archaeologii bifa maali qaba?,Harar keessatti museum archaeologii bifa ijaarsa dhagaa fi archaeologii seenaa qabuudha.,Afaan Oromo,Historical,Harar Museum,Harar,Harari,9.3111,42.1250,manual
783,Yeha keessatti museum seenaa bifa maali qaba?,Yeha keessatti museum seenaa bifa ijaarsa dhagaa fi seenaa qabuudha.,Afaan Oromo,Historical,Museum seenaa Yeha,Yeha,Tigray,14.2833,39.0167,manual
784,Axum keessatti mana amantaa Qiddus Mariam Tsion seenaa maali qaba?,Qiddus Mariam Tsion Axum Itoophiyaa keessatti madda kiristaanummaa jalqabaati jedhamee manama.,Afaan Oromo,Historical,Qiddus Mariam Tsion,Axum,Tigray,14.1211,38.7234,manual
785,Gondar keessatti Masaraa Faasiil bifa maali qaba?,Masaraa Faasiil bifa ijaarsa dhagaa fi archaeologii seenaa qabuudha.,Afaan Oromo,Historical,Masaraa Faasiil,Gondar,Amhara,12.6030,37.4521,manual
786,Harar keessatti dallaa Jugal bifa maali qaba?,dallaa Jugal bifa ijaarsa dhagaa fi seenaa Islaamaa calaqqisiisa.,Afaan Oromo,Historical,Jugal Harar,Harar,Harari,9.3111,42.1250,manual
787,Yeha keessatti siidaa durii bifa maali qaba?,Siidaa Yeha bifa ijaarsa dhagaa fi archaeologii dhaloota kiristaanummaa duraa calaqqisiisa.,Afaan Oromo,Historical,Siidaa Yeha,Yeha,Tigray,14.2833,39.0167,manual
788,Axum keessatti Arbatu Entsessat bifa maali qaba?,Arbatu Entsessat bifa ijaarsa dhagaa fi archaeologii seenaa qabuudha.,Afaan Oromo,Historical,Arbatu Entsessat,Axum,Tigray,14.1211,38.7234,manual
789,Tiya keessatti siidaa durii bifa maali qaba?,Siidaa Tiya siidaa dhagaa bifa fakkii fi archaeologii durii calaqqisiisa.,Afaan Oromo,Historical,Siidaa Tiya, Sodo, SNNP, 8.4333, 38.6167, manual
790,Masjiida Jamia Harar bifa maali qaba?,Masjiida Jamia Harar bifa ijaarsa dhagaa fi Islaamaa durii calaqqisiisa.,Afaan Oromo,Historical,Masjiida Jamia Harar,Harar,Harari,9.3111,42.1250,manual
791,Gondar keessatti mana amantaa Qiddus Giyoorgis bifa maali qaba?,Mana amantaa Qiddus Giyoorgis bifa ijaarsa dhagaa fi archaeologii seenaa qabuudha.,Afaan Oromo,Historical,Qiddus Giyoorgis Gondar,Gondar,Amhara,12.6030,37.4521,manual
792,Axum keessatti obeliskii UNESCO hambaa addunyaa ta'uun galmaa'eeraa?,Eeyyee Obeliskii Axum UNESCO hambaa addunyaa ta'uun galmaa'eera.,Afaan Oromo,Historical,Obeliskii Axum,Axum,Tigray,14.1211,38.7234,manual
793,Yeha keessatti museum archaeologii bifa maali qaba?,Yeha keessatti museum archaeologii bifa ijaarsa dhagaa fi archaeologii seenaa qabuudha.,Afaan Oromo,Historical,Museum Yeha,Yeha,Tigray,14.2833,39.0167,manual
794,Gondar keessatti mana amantaa Debre Berhan Selassie hambaa UNESCO'n galmaa'eeraa?,Eeyyee Debre Berhan Selassie Gondar UNESCO hambaa addunyaa ta'uun galmaa'eera.,Afaan Oromo,Historical,Debre Berhan Selassie,Gondar,Amhara,12.6030,37.4521,manual
795,Yeha keessatti siidaa UNESCO hambaa addunyaa ta'uun galmaa'eeraa?,Lakki Siidaa Yeha UNESCO hambaa addunyaa ta'uun galmaa'uun hin dandeenye.,Afaan Oromo,Historical,Siidaa Yeha,Yeha,Tigray,14.2833,39.0167,manual
796,Axum keessatti Arbatu Entsessat seenaa maali qaba?,Arbatu Entsessat Axum Itoophiyaa keessatti madda kiristaanummaa jalqabaati jedhamee manama.,Afaan Oromo,Historical,Arbatu Entsessat,Axum,Tigray,14.1211,38.7234,manual
797,Gondar keessatti Bishaan Cuuphaa hambaa UNESCO ta'uun galmaa'eeraa?,Eeyyee Bishaan Cuuphaa Gondar UNESCO hambaa addunyaa ta'uun galmaa'eera.,Afaan Oromo,Historical,Bishaan Cuuphaa Gondar,Gondar,Amhara,12.6030,37.4521,manual
798,Harar keessatti museum archaeologii bifa maali qaba?,Harar keessatti museum archaeologii bifa ijaarsa dhagaa fi archaeologii seenaa qabuudha.,Afaan Oromo,Historical,Harar Museum,Harar,Harari,9.3111,42.1250,manual
799,Yeha keessatti museum seenaa bifa maali qaba?,Yeha keessatti museum seenaa bifa ijaarsa dhagaa fi seenaa qabuudha.,Afaan Oromo,Historical,Museum seenaa Yeha,Yeha,Tigray,14.2833,39.0167,manual
800,Harar keessatti Jugal hambaa addunyaa ta'uun galmaa'eeraa?,Eeyyee Jugal Harar hambaa addunyaa ta'uun galmaa'eera.,Afaan Oromo,Historical,Jugal Harar,Harar,Harari,9.3111,42.1250,manual
801,Bishoftu keessatti hotel haaraya ijaarame kami?,Adulala Resort hotel dhiyeenya ijaarame dha,Afaan Oromo,Hotel,Adulala Resort,Bishoftu,Oromia,8.7500,39.0000,manua
802,Adulala Resort tajaajila akkamii qaba?,Konferansii fi bashannana bishaanii qaba,Afaan Oromo,Hotel,Adulala Resort,Bishoftu,Oromia,8.7500,39.0000,manual
998,Honey Land Hotel parking amansiisaa qabaa?,Eeyyee parking amansiisaa ni qaba,Afaan Oromo,Hotel,Honey Land,Jimma,Oromia,7.6700,36.8300,manual
999,Honey Land Hotel maatii waliin mijataa?,Eeyyee mijataadha,Afaan Oromo,Hotel,Honey Land,Jimma,Oromia,7.6700,36.8300,manual
1000,Honey Land Hotel nyaata aadaa qabaa?,Eeyyee nyaata Oromoo ni qaba,Afaan Oromo,Hotel,Honey Land,Jimma,Oromia,7.6700,36.8300,manual
1200,Finfinnee irraa gara Adaamaa xiyyaarri jiraa?,Lakkii Adaamaaf tajaajilli xiyyaaraa hin jiru,Afaan Oromo,Transport,Adama,Adama,Oromia,8.5400,39.2700,manual
1400,Expressway Mojo-Hawassa Ariitii taasifamaa?,Sa'aatitti km 100-120 Ariitii taasifama,Afaan Oromo,Transport,Hawassa,Hawassa,Sidama,7.0500,38.4950,manual
1701,Akkam bultan?,Akkam jirtu? Waa'ee daawwannaa Afaan Oromootiin siin gargaaruu danda'a.,Afaan Oromo,Conversational,Greeting,General,Oromia,8.0000,38.0000,manual
1702,Maaltu jira?,Nagaadha. Maal si gargaaruu danda'a?,Afaan Oromo,Conversational,Greeting,General,Oromia,8.0000,38.0000,manual
1703,Nagaadhaa?,Eeyyee nagaadha. Ati akkam jirta?,Afaan Oromo,Conversational,Greeting,General,Oromia,8.0000,38.0000,manual
1704,Akkam ooltan?,Akkam jirtu? Waa'ee bakka daawwannaa siin gargaaruu danda'a.,Afaan Oromo,Conversational,Greeting,General,Oromia,8.0000,38.0000,manual
1705,Akkam bulte?,Akkam jirta? Waa'ee imalaa siin gargaaruu danda'a.,Afaan Oromo,Conversational,Greeting,General,Oromia,8.0000,38.0000,manual
1706,Ati eenyu?,Ani AI daawwannaa Oromiyaati.,Afaan Oromo,Conversational,System,General,Oromia,8.0000,38.0000,manual
1708,Dandeettiin kee maali?,An daawwannaa Afaan Oromootiin sitti himuu danda'a.,Afaan Oromo,Conversational,System,General,Oromia,8.0000,38.0000,manual
1710,Daawwannaa Adamaa irratti maal beekta?,An daawwannaa Adamaa Bishoftuu fi bakka biraa sitti himuu danda'a.,Afaan Oromo,Conversational,System,General,Oromia,8.0000,38.0000,manual
1711,Hi,Hello.,Afaan Oromo,Conversational,Greeting,General,Oromia,8.0000,38.0000,manual
1712,Akkaam?,Hi. Akkam jirta?,Afaan Oromo,Conversational,Greeting,General,Oromia,8.0000,38.0000,manual
1713,Maaloo,Maaloo maal barbaadda?,Afaan Oromo,Conversational,Politeness,General,Oromia,8.0000,38.0000,manual
1715,Tole,Tole. Maal si gargaaruu danda'a?,Afaan Oromo,Conversational,Acknowledge,General,Oromia,8.0000,38.0000,manual
1716,Dhugaa jetta,Dhugaa jetta; an sirriidha.,Afaan Oromo,Conversational,Feedback,General,Oromia,8.0000,38.0000,manual
1717,Dogoggorteessa,Dhiifama dogoggoraaf. Ammas gaafadhu.,Afaan Oromo,Conversational,Feedback,General,Oromia,8.0000,38.0000,manual
1719,Dubbachuu dandeessaa?,Eeyyee Afaan Oromootiin dubbachuu danda'a.,Afaan Oromo,Conversational,System,General,Oromia,8.0000,38.0000,manual
1720,Yoomi?,Yoom gaafatte? Ammas gaafadhu.,Afaan Oromo,Conversational,Time,General,Oromia,8.0000,38.0000,manual
1721,Eessa jira?,Eessa barbaadda? Ammas gaafadhu.,Afaan Oromo,Conversational,Location,General,Oromia,8.0000,38.0000,manual
1722,Eenyu jira?,Eenyu barbaadda? Ammas gaafadhu.,Afaan Oromo,Conversational,Person,General,Oromia,8.0000,38.0000,manual
1723,Maaliif?,Maaliif barbaadda? Ammas gaafadhu.,Afaan Oromo,Conversational,Reason,General,Oromia,8.0000,38.0000,manual
1724,Akkamiti?,Akkamiti barbaadda? Ammas gaafadhu.,Afaan Oromo,Conversational,Method,General,Oromia,8.0000,38.0000,manual
1725,Hammami?,Hammami barbaadda? Ammas gaafadhu.,Afaan Oromo,Conversational,Quantity,General,Oromia,8.0000,38.0000,manual
1726,Galaana?,Galaana barbaadda? Ammas gaafadhu.,Afaan Oromo,Conversational,Entity,General,Oromia,8.0000,38.0000,manual
1727,Hoteela?,Hoteela barbaadda? Ammas gaafadhu.,Afaan Oromo,Conversational,Entity,General,Oromia,8.0000,38.0000,manual
1728,Aadaa?,Aadaa barbaadda? Ammas gaafadhu.,Afaan Oromo,Conversational,Entity,General,Oromia,8.0000,38.0000,manual
1729,Daawwannaa?,Daawwannaa barbaadda? Ammas gaafadhu.,Afaan Oromo,Conversational,Entity,General,Oromia,8.0000,38.0000,manual
1730,Imalaa?,Imalaa barbaadda? Ammas gaafadhu.,Afaan Oromo,Conversational,Entity,General,Oromia,8.0000,38.0000,manual
1731,Gaarii dhageesse?,Dhageesse nagaadha. Maal si gargaaruu danda'a?,Afaan Oromo,Conversational,Greeting,General,Oromia,8.0000,38.0000,manual
1732,Nagaa bultan?,Nagaa jirtu? Waa'ee daawwannaa Afaan Oromootiin siin gargaaruu danda'a.,Afaan Oromo,Conversational,Greeting,General,Oromia,8.0000,38.0000,manual
1733,Akkaam jirta?,Eeyyee nagaadha. Ati akkam jirta?,Afaan Oromo,Conversational,Greeting,General,Oromia,8.0000,38.0000,manual
1734,Akkam bultan?,Akkam jirtu? Waa'ee daawwannaa Afaan Oromootiin siin gargaaruu danda'a.,Afaan Oromo,Conversational,Greeting,General,Oromia,8.0000,38.0000,manual
1735,Nagaadhaa?,Eeyyee nagaadha. Ati akkam jirtu?,Afaan Oromo,Conversational,Greeting,General,Oromia,8.0000,38.0000,manual
1736,Aneenyuu?,AI daawwannaa Oromiyaati.,Afaan Oromo,Conversational,System,General,Oromia,8.0000,38.0000,manual
1738,Dandeettiin kee maali?,An daawwannaa Afaan Oromootiin sitti himuu danda'a.,Afaan Oromo,Conversational,System,General,Oromia,8.0000,38.0000,manual
1739,Waa'ee maal gaafachuu danda'a?,Waa'ee bakka daawwannaa hoteela aadaa fi imalaa gaafachuu dandeessa.,Afaan Oromo,Conversational,System,General,Oromia,8.0000,38.0000,manual
1741,Maaloo maal jetta?,Maaloo maal barbaadda?,Afaan Oromo,Conversational,Politeness,General,Oromia,8.0000,38.0000,manual
1742,Galatoomi si gargaaruun gammachuudha.,Galatoomi si gargaaruun gammachuudha.,Afaan Oromo,Conversational,Feedback,General,Oromia,8.0000,38.0000,manual
1743,Tole maal jetta?,Tole. Maal si gargaaruu danda'a?,Afaan Oromo,Conversational,Acknowledge,General,Oromia,8.0000,38.0000,manual
1744,Dhugaa jetta dhugaadha,Dhugaa jetta; an sirriidha.,Afaan Oromo,Conversational,Feedback,General,Oromia,8.0000,38.0000,manual
1745,Dogoggoraa jetta dogoggoraa,Dhiifama dogoggoraaf. Ammas gaafadhu.,Afaan Oromo,Conversational,Feedback,General,Oromia,8.0000,38.0000,manual
1747,Dubbachuu dandeessaa?,Eeyyee Afaan Oromootiin dubbachuu danda'a.,Afaan Oromo,Conversational,System,General,Oromia,8.0000,38.0000,manual
1748,Yoom jetta yoom gaafatte gaaffii?,Yoom gaafatte? Ammas gaafadhu.,Afaan Oromo,Conversational,Time,General,Oromia,8.0000,38.0000,manual
1749,Eessa jira jetta eessa barbaadda daawwannaa?,Eessa barbaadda? Ammas gaafadhu.,Afaan Oromo,Conversational,Location,General,Oromia,8.0000,38.0000,manual
1750,Eenyu jira jetta eenyu barbaadda daawwannaa?,Eenyu barbaadda? Ammas gaafadhu.,Afaan Oromo,Conversational,Person,General,Oromia,8.0000,38.0000,manual
1751,Hi akkam?,Hello. Akkam jirta?,Afaan Oromo,Conversational,Greeting,General,Oromia,8.0000,38.0000,manual
1752,Maaltu jira nagaadhaa?,Nagaadha. Maal si gargaaruu danda'a?,Afaan Oromo,Conversational,Greeting,General,Oromia,8.0000,38.0000,manual
1753,Hi nagaadhaa akkam jirta?,Hello. Akkam jirta?,Afaan Oromo,Conversational,Greeting,General,Oromia,8.0000,38.0000,manual
1754,Ati eenyu daawwannaa?,An si'i; AI daawwannaa Oromiyaati.,Afaan Oromo,Conversational,System,General,Oromia,8.0000,38.0000,manual
1755,Maal hojjettu waa'ee daawwannaa?,Waa'ee bakka daawwannaa hoteela fi aadaa Oromoo sitti himuu danda'a.,Afaan Oromo,Conversational,System,General,Oromia,8.0000,38.0000,manual
1756,Waa'ee maal gaafachuu danda'a daawwannaa?,Waa'ee bakka daawwannaa hoteela aadaa fi imalaa gaafachuu dandeessa.,Afaan Oromo,Conversational,System,General,Oromia,8.0000,38.0000,manual
1757,Dandeettiin kee Afaan Oromootiin daawwannaa?,An daawwannaa Afaan Oromootiin sitti himuu danda'a.,Afaan Oromo,Conversational,System,General,Oromia,8.0000,38.0000,manual
1758,Hi akkam jirta galatoomi?,Galatoomi si gargaaruun gammachuudha.,Afaan Oromo,Conversational,Greeting,General,Oromia,8.0000,38.0000,manual
1759,Hordofaa si hordofuu dandeessaa?,Eeyyee si hordofuu danda'a.,Afaan Oromo,Conversational,System,General,Oromia,8.0000,38.0000,manual
1760,Dubbachuu dandeessaa daawwannaa Afaan Oromootiin?,Eeyyee Afaan Oromootiin dubbachuu danda'a.,Afaan Oromo,Conversational,System,General,Oromia,8.0000,38.0000,manual
1761,Yoom jetta yoom gaafatte gaaffii?,Yoom gaafatte? Ammas gaafadhu.,Afaan Oromo,Conversational,Time,General,Oromia,8.0000,38.0000,manual
1762,Eessa jira jetta eessa barbaadda daawwannaa?,Eessa barbaadda? Ammas gaafadhu.,Afaan Oromo,Conversational,Location,General,Oromia,8.0000,38.0000,manual
1763,Hello akkam bulte?,Hello. Akkam bulte?,Afaan Oromo,Conversational,Greeting,General,Oromia,8.0000,38.0000,manual
1764,Maaltu jira akkam bulte nagaadhaa?,Nagaadha. Maal si gargaaruu danda'a?,Afaan Oromo,Conversational,Greeting,General,Oromia,8.0000,38.0000,manual
1765,Akkam bulte nagaadhaa hi hello akkam?,Akkam jirta. Waa'ee imalaa siin gargaaruu danda'a.,Afaan Oromo,Conversational,Greeting,General,Oromia,8.0000,38.0000,manual
1767,Maal hojjettu imalaa daawwannaa?,Waa'ee bakka daawwannaa hoteela fi aadaa Oromoo sitti himuu danda'a.,Afaan Oromo,Conversational,System,General,Oromia,8.0000,38.0000,manual
1768,Ati eenyu imalaa daawwannaa?,AI daawwannaa Oromiyaati.,Afaan Oromo,Conversational,System,General,Oromia,8.0000,38.0000,manual
1769,Dandeettiin kee imalaa daawwannaa Afaan Oromootiin?,An daawwannaa Afaan Oromootiin sitti himuu danda'a.,Afaan Oromo,Conversational,System,General,Oromia,8.0000,38.0000,manual
1770,Waa'ee maal gaafachuu danda'a imalaa daawwannaa hoteela?,Waa'ee bakka daawwanna hoteela aadaa fi imalaa gaafachuu dandeessa.,Afaan Oromo,Conversational,System,General,Oromia,8.0000,38.0000,manual
1771,Dandeettiin kee imalaa daawwannaa hoteela aadaa Afaan Oromootiin?,An daawwannaa Afaan Oromootiin sitti himuu danda'a.,Afaan Oromo,Conversational,System,General,Oromia,8.0000,38.0000,manual
1772,Maal hojjettu imalaa daawwannaa hoteela aadaa?,Waa'ee bakka daawwannaa hoteela fi aadaa Oromoo sitti himuu danda'a.,Afaan Oromo,Conversational,System,General,Oromia,8.0000,38.0000,manuala
1773,Ati eenyu imalaa daawwannaa hoteela aadaa Oromoo?,AI daawwannaa Oromiyaati.,Afaan Oromo,Conversational,System,General,Oromia,8.0000,38.0000,manual
1774,Yoom jetta imalaa daawwannaa hoteela aadaa yoom gaafatte gaaffii?,Yoom gaafatte? Ammas gaafadhu.,Afaan Oromo,Conversational,Time,General,Oromia,8.0000,38.0000,manual
1775,Eessa jira jetta imalaa daawwannaa hoteela aadaa eessa barbaadda daawwannaa?,Eessa barbaadda? Ammas gaafadhu.,Afaan Oromo,Conversational,Location,General,Oromia,8.0000,38.0000,manual
1776,Akkam bulte nagaadhaa hi hello akkam bulte?,Akkam bulte. Waa'ee imalaa siin gargaaruu danda'a.,Afaan Oromo,Conversational,Greeting,General,Oromia,8.0000,38.0000,manual
1777,Hello akkam jirta bulte nagaadhaa?,Hello. Akkam jirta?,Afaan Oromo,Conversational,Greeting,General,Oromia,8.0000,38.0000,manual
1778,Akkam bulte hihello bulte nagaadhaa bulte akkam jirta bulte?,Akkam jirta bulte. Waa'ee imalaa siin gargaaruu danda'a.,Afaan Oromo,Conversational,Greeting,General,Oromia,8.0000,38.0000,manual
1779,Maal hojjettu bulte imalaa daawwannaa bulte hoteela bulte aadaa bulte?,Waa'ee bakka daawwannaa hoteela fi aadaa Oromoo sitti himuu danda'a.,Afaan Oromo,Conversational,System,General,Oromia,8.0000,38.0000,manual
1780,Dandeettiin kee bulte imalaa daawwannaa bulte hoteela bulte aadaa bulte Afaan Oromootiin bulte?,An daawwannaa Afaan Oromootiin sitti himuu danda'a.,Afaan Oromo,Conversational,System,General,Oromia,8.0000,38.0000,manual
1781,Hi akkam jirta nagaadhaa hello nagaadhaa hi akkam jirta?,Hello. Akkam jirta?,Afaan Oromo,Conversational,Greeting,General,Oromia,8.0000,38.0000,manual
1782,Maaltu jira nagaadhaa bulte nagaadhaa hi akkam jirta?,Nagaadha. Maal si gargaaruu danda'a?,Afaan Oromo,Conversational,Greeting,General,Oromia,8.0000,38.0000,manual
1783,Hello nagaadhaa bulte hello akkam bulte bulte akkam bulte hi akkam jirta?,Akkam jirta. Waa'ee imalaa siin gargaaruu danda'a.,Afaan Oromo,Conversational,Greeting,General,Oromia,8.0000,38.0000,manual
1784,Akkam jirta bulte hihello nagaadhaa hi akkam jirta nagaadhaa hi akkam jirta?,Hello. Akkam jirta?,Afaan Oromo,Conversational,Greeting,General,Oromia,8.0000,38.0000,manual
1785,Hello akkam bulte hello bulte hello akkam hello akkam hello akkam hello akkam jirta hello akkam hello akkam hello akkam?,Akkam bulte. Waa'ee imalaa siin gargaaruu danda'a.,Afaan Oromo,Conversational,Greeting,General,Oromia,8.0000,38.0000,manual
1786,Hi akkam nagaadhaa hello akkam nagaadhaa hello akkam bulte akkam jirta?,Akkam jirta. Waa'ee daawwannaa siin gargaaruu danda'a.,Afaan Oromo,Conversational,Greeting,General,Oromia,8.0000,38.0000,manual
1787,Hello akkam jirta hello bulte nagaadhaa hello akkam Hello akkam?,Akkam bulte. Hello.,Afaan Oromo,Conversational,Greeting,General,Oromia,8.0000,38.0000,manual
1788,Hello akkam Hello akkam Hello akkam hello akkam Hello akkam Hello akkam Hello akkam?,Akkam bulte. Hello.,Afaan Oromo,Conversational,Greeting,General,Oromia,8.0000,38.0000,manual
1789,Hello?,Hello. Akkam bulte?,Afaan Oromo,Conversational,Greeting,General,Oromia,8.0000,38.0000,manual
1790,Hi?,Akkam jirta. Hello.,Afaan Oromo,Conversational,Greeting,General,Oromia,8.0000,38.0000,manual
1791,Hello akkam?,Akkam jirta. Hello.,Afaan Oromo,Conversational,Greeting,General,Oromia,8.0000,38.0000,manual
1792,Hi nagaadhaa?,Akkam bulte. Hello.,Afaan Oromo,Conversational,Greeting,General,Oromia,8.0000,38.0000,manual
1793,Waa'ee maal gaafachuu danda'a imalaa daawwannaa hoteela aadaa Afaan Oromootiin imalaa daawwannaa hoteela aadaa Afaan Oromootiin imalaa daawwannaa hoteela aadaa Afaan Oromootiin?,An waa'ee imalaa siin gargaaruu danda'a.,Afaan Oromo,Conversational,System,General,Oromia,8.0000,38.0000,manual
1794,Hello?,Akkam bulte. Hello.,Afaan Oromo,Conversational,Greeting,General,Oromia,8.0000,38.0000,manual
1796,Hello?,Akkam bulte. Hello.,Afaan Oromo,Conversational,Greeting,General,Oromia,8.0000,38.0000,manual
1797,Hello?,Hello. Hello.,Afaan Oromo,Conversational,Greeting,General,Oromia,8.0000,38.0000,manual
1798,akkam jirta?,Akkam bulte. Hello.,Afaan Oromo,Conversational,Greeting,General,Oromia,8.0000,38.0000,manual
1799,Hello?,Hello. Akkam bulte?,Afaan Oromo,Conversational,Greeting,General,Oromia,8.0000,38.0000,manual
1800,Hi akkam jirta?,Akkam bulte. Hello.,Afaan Oromo,Conversational,Greeting,General,Oromia,8.0000,38.0000,manual
1801,Ayyaanni Irreechaa yoom kabajama?,Ayyaanni Irreechaa waggaa waggaan dhuma Fulbaanaa ykn jalqaba Onkololeessaatti malka fi tulluu irratti kabajama.,Afaan Oromo,Events,Irreecha,Multiple,Oromia,8.0000,38.0000,manual
1802,Ayyaanni Gadaa maali?,Ayyaanni Gadaa sirna aadaa Oromoo durii jilaa fi aangoo baallii kennuu kabajudha.,Afaan Oromo,Events,Sirna Gadaa,Multiple,Oromia,8.0000,38.0000,manual
1804,Ayyaanni Cuuphaa Oromiyaa keessatti akkamitti kabajama?,Cuuphaan ayyaana amantii Kiristaanaa yoo ta'u malkaa fi fandisoo dhiyoo harootaatti saba hedduun kabajama.,Afaan Oromo,Events,Cuuphaa,Multiple,Oromia,8.0000,38.0000,manual
1805,Adaamaa keessatti ayyaanni aadaa beekamaan maali?,Adaamaa keessatti Ayyaanni Oromummaa fi jilli Gadaa yeroo tokko tokko galma aadaatti kabajama.,Afaan Oromo,Events,Adaamaa Festival,Adama,Oromia,8.5414,39.2689,manual
1806,Ayyaanni Arafaa yoom kabajama?,Ayyaanni Arafaa waggaa waggaan madaallii amantii Islaamaa hordofuun ji'a Shawaal keessatti kabajama.,Afaan Oromo,Events,Ayyaana Arafaa,Multiple,Oromia,8.0000,38.0000,manual
1807,Ayyaanni Timqataa Oromiyaa keessatti akkamitti kabajama?,Timqataa fandisoo fandisoo harootaatti madaallii amantii Kiristaanaa saba hedduun kabajama.,Afaan Oromo,Events,Ayyaana Timqataa,Multiple,Oromia,8.0000,38.0000,manual
1808,jimmaa keessatti ayyaanni aadaa beekamaan maali?,Jimma keessatti Ayyaanni Bunaa fi jilli aadaa Mootummaa Abbaa Jifaar yeroo tokko tokko kabajama.,Afaan Oromo,Events,Jimma Festival,Jimma,Oromia,7.6667,36.8333,manual
1809,Ayyaanni Maaskalaa yoom kabajama?,Ayyaanni Maaskalaa (Hoo'a fannoo) waggaa waggaan Masqalii 17 irratti kabajama.,Afaan Oromo,Events,Ayyaana Maaskalaa,Multiple,Oromia,8.0000,38.0000,manual
1810,Ayyaanni Soodaree maali?,Ayyaanni Soodaree jila fandisoo harootaatti kabajama.,Afaan Oromo,Events,Soodaree Festival,Soodaree,Oromia,8.4111,39.3889,manual
1811,Ayyaanni Boranaa akkamitti kabajama?,Ayyaanni Boranaa (Omaa) jila Amantii fi aadaa malkaatti kabajama.,Afaan Oromo,Events,Boranaa Festival,Yabelo,Oromia,4.8833,38.1333,manual
1812,Ayyaanni Abbayyaa akkamitti kabajama?,Ayyaanni Abbayyaa madaallii Bunaa wajjin madaallii Bunaa madaalawaa kabajama.,Afaan Oromo,Events,Abbayyaa Festival,Arba Minch,Oromia,6.0000,37.5000,manual
1813,Ayyaanni Timqataa Jimma keessatti akkamitti kabajama?,Ayyaanni Timqataa Jimma keessatti fandisoo harootaatti saba hedduun kabajama.,Afaan Oromo,Events,Ayyaana Timqataa Jimma,Jimma,Oromia,7.6667,36.8333,manual
1814,Ayyaanni Maaskalaa Adaamaa keessatti akkamitti kabajama?,Ayyaanni Maaskalaa Adaamaa keessatti madaallii fandisoo harootaatti saba hedduun kabajama.,Afaan Oromo,Events,Timqataa Adaamaa,Adama,Oromia,8.5414,39.2689,manual
1815,Ayyaanni Irreechaa Bishoftuu keessatti akkamitti kabajama?,Ayyaanni Irreechaa Bishoftuu keessatti Malkaa Harsadiitti wagga waggaan dhuma Fulbaanaa tti kabajama.,Afaan Oromo,Events,Irreecha Bishoftuu,Bishoftu,Oromia,8.7523,38.9785,manual
1816,Ayyaanni Bunaa Jimma yoom kabajama?,Ayyaanni Bunaa Jimma waggaa waggaan ji'a buna funaanuu keessatti kabajama.,Afaan Oromo,Events,Buna Jimma,Jimma,Oromia,7.6667,36.8333,manual
1817,Ayyaanni Cuuphaa Adaamaa keessatti akkamitti kabajama?,Ayyaanni Cuuphaa Adaamaa keessatti fandisoo harootaatti saba hedduun kabajama.,Afaan Oromo,Events,Cuuphaa Adaamaa,Adama,Oromia,8.5414,39.2689,manual
1818,AyyaanniTimqataa Boranaa keessatti akkamitti kabajama?,Ayyaanni Timqataa Boranaa keessatti fandisoo harootaatti saba hedduun kabajama.,Afaan Oromo,Events,Timqataa Boranaa,Yabelo,Oromia,4.8833,38.1333,manual
1819,Ayyaanni Maaskalaa Jimma keessatti akkamitti kabajama?,Ayyaanni Maaskalaa Jimma keessatti madaallii fandisoo harootaatti saba hedduun kabajama.,Afaan Oromo,Events,Timqataa Jimma,Jimma,Oromia,7.6667,36.8333,manual
1820,AyyaanniTimqataa Soodaree keessatti akkamitti kabajama?,Ayyaanni Timqataa Soodaree keessatti fandisoo harootaatti saba hedduun kabajama.,Afaan Oromo,Events,Timqataa Soodaree,Soodaree,Oromia,8.4111,39.3889,manual
1821,Ayyaanni Bunaa Boranaa yoom kabajama?,Ayyaanni Bunaa Boranaa waggaa waggaan ji'a buna funaanuu keessatti kabajama.,Afaan Oromo,Events,Buna Boranaa,Yabelo,Oromia,4.8833,38.1333,manual
1822,Ayyaanni Abbayyaa yoom kabajama?,Ayyaanni Abbayyaa waggaa waggaan madaallii Bunaa Buna buna kabajama.,Afaan Oromo,Events,Abbayyaa,Arba Minch,Oromia,6.0000,37.5000,manual
1823,Ayyaanni Timqataa Adaamaa yoom kabajama?,Ayyaanni Timqataa Adaamaa waggaa waggaan ji'a Timqataa keessatti kabajama.,Afaan Oromo,Events,Timqataa Adaamaa,Adama,Oromia,8.5414,39.2689,manual
1824,AyyaanniTimqataa Boranaa yoom kabajama?,Ayyaanni Timqataa Boranaa waggaa waggaan ji'a Timqataa keessatti kabajama.,Afaan Oromo,Events,Timqataa Boranaa,Yabelo,Oromia,4.8833,38.1333,manual
1825,Ayyaanni Timqataa Soodaree yoom kabajama?,Ayyaanni Timqataa Soodaree waggaa waggaan ji'a Timqataa keessatti kabajama.,Afaan Oromo,Events,Timqataa Soodaree,Soodaree,Oromia,8.4111,39.3889,manual
1826,Ayyaanni Maaskalaa Boranaa yoom kabajama?,Ayyaanni Maaskalaa Boranaa waggaa waggaan ji'a Maaskalaa keessatti kabajama.,Afaan Oromo,Events,Maaskalaa Boranaa,Yabelo,Oromia,4.8833,38.1333,manual
1827,Ayyaanni Bunaa Adaamaa yoom kabajama?,Ayyaanni Bunaa Adaamaa waggaa waggaan ji'a buna funaanuu keessatti kabajama.,Afaan Oromo,Events,Buna Adaamaa,Adama,Oromia,8.5414,39.2689,manual
1828,Ayyaanni Bunaa Abbayyaa yoom kabajama?,Ayyaanni Bunaa Abbayyaa waggaa waggaan ji'a buna funaanuu keessatti kabajama.,Afaan Oromo,Events,Buna Abbayyaa,Arba Minch,Oromia,6.0000,37.5000,manual
1829,Ayyaanni Timqataa Jimma yoom kabajama?,Ayyaanni Timqataa Jimma waggaa waggaan ji'a Timqataa keessatti kabajama.,Afaan Oromo,Events,Timqataa Jimma,Jimma,Oromia,7.6667,36.8333,manual
1830,AyyaanniTimqataa Adaamaa yoom kabajama?,Ayyaanni Timqataa Adaamaa waggaa waggaan ji'a Timqataa keessatti kabajama.,Afaan Oromo,Events,Timqataa Adaamaa,Adama,Oromia,8.5414,39.2689,manual
1831,Ayyaanni Timqataa Soodaree yoom kabajama?,Ayyaanni Timqataa Soodaree waggaa waggaan ji'a Timqataa keessatti kabajama.,Afaan Oromo,Events,Timqataa Soodaree,Soodaree,Oromia,8.4111,39.3889,manual
1832,Ayyaanni Bunaa Boranaa yoom kabajama?,Ayyaanni Bunaa Boranaa waggaa waggaan ji'a buna funaanuu keessatti kabajama.,Afaan Oromo,Events,Buna Boranaa,Yabelo,Oromia,4.8833,38.1333,manual
1833,Ayyaanni Maaskalaa Soodaree yoom kabajama?,Ayyaanni Maaskalaa Soodaree waggaa waggaan ji'a Maaskalaa keessatti kabajama.,Afaan Oromo,Events,Maaskalaa Soodaree,Soodaree,Oromia,8.4111,39.3889,manual
1834,Ayyaanni Bunaa Jimma yoom kabajama?,Ayyaanni Bunaa Jimma waggaa waggaan ji'a buna funaanuu keessatti kabajama.,Afaan Oromo,Events,Buna Jimma,Jimma,Oromia,7.6667,36.8333,manual
1835,Ayyaanni Timqataa Abbayyaa yoom kabajama?,Ayyaanni Timqataa Abbayyaa waggaa waggaan ji'a Timqataa keessatti kabajama.,Afaan Oromo,Events,Timqataa Abbayyaa,Arba Minch,Oromia,6.0000,37.5000,manual
1836,AyyaanniTimqataa Jimma yoom kabajama?,Ayyaanni Timqataa Jimma waggaa waggaan ji'a Timqataa keessatti kabajama.,Afaan Oromo,Events,Timqataa Jimma,Jimma,Oromia,7.6667,36.8333,manual
1837,Ayyaanni Timqataa Soodaree yoom kabajama?,Ayyaanni Timqataa Soodaree waggaa waggaan ji'a Timqataa keessatti kabajama.,Afaan Oromo,Events,Timqataa Soodaree,Soodaree,Oromia,8.4111,39.3889,manual
1838,Ayyaanni Maaskalaa Adaamaa yoom kabajama?,Ayyaanni Maaskalaa Adaamaa waggaa waggaan ji'a Maaskalaa keessatti kabajama.,Afaan Oromo,Events,Maaskalaa Adaamaa,Adama,Oromia,8.5414,39.2689,manual
1839,Ayyaanni Bunaa Boranaa yoom kabajama?,Ayyaanni Bunaa Boranaa waggaa waggaan ji'a buna funaanuu keessatti kabajama.,Afaan Oromo,Events,Buna Boranaa,Yabelo,Oromia,4.8833,38.1333,manual
1840,Ayyaanni Bunaa Jimma yoom kabajama?,Ayyaanni Bunaa Jimma waggaa waggaan ji'a buna funaanuu keessatti kabajama.,Afaan Oromo,Events,Buna Jimma,Jimma,Oromia,7.6667,36.8333,manual
1841,Ayyaanni Maaskalaa Soodaree akkamitti kabajama?,Ayyaanni Maaskalaa Soodaree madaallii Bunaa Buna madaalawaa kabajama.,Afaan Oromo,Events,Timqataa Soodaree,Soodaree,Oromia,8.4111,39.3889,manual
1842,Ayyaanni Timqataa jimmaa yoom kabajama?,Ayyaanni Timqataa Jimma waggaa waggaan ji'a Timqataa Buna buna Timqataa kabajama.,Afaan Oromo,Events,Timqataa jimmaa,Jimma,Oromia,7.6667,36.8333,manual
1843,Ayyaanni Maaskalaa Soodaree maaliif barbaachisa?,Ayyaanni Maaskalaa Soodaree nagaa Buna buna Timqataa Buna buna jila addaa jabeessuu waan ta'eef barbaachisa.,Afaan Oromo,Events,Maaskalaa Soodaree,Soodaree,Oromia,8.4111,39.3889,manual
1845,Ayyaanni Timqataa Adaamaa maaliif barbaachisa?,Ayyaanni Timqataa Adaamaa Buna buna Timqataa Buna buna Timqataa Buna buna Timqataa Buna buna barbaachisa.,Afaan Oromo,Events,Timqataa Adaamaa,Adama,Oromia,8.5414,39.2689,manual
1846,Ayyaanni Bunaa Boranaa akkamitti kabajama?,Ayyaanni Bunaa Boranaa buna funaanuu Buna funaanuu Buna funaanuu kabajama.,Afaan Oromo,Events,Buna Boranaa,Yabelo,Oromia,4.8833,38.1333,manual
1847,AyyaanniMaaskalaa Soodaree yoom kabajama?,Ayyaanni Maaskalaa Soodaree waggaa waggaan ji'a Maaskalaa Buna buna Maaskalaa Buna buna Maaskalaa Buna buna kabajama.,Afaan Oromo,Events,Maaskalaa Soodaree,Soodaree,Oromia,8.4111,39.3889,manual
1848,Ayyaanni Maaskalaa Adaamaa akkamitti kabajama?,Ayyaanni Maaskalaa Adaamaa buna funaanuu Buna buna Maaskalaa Buna buna Maaskalaa Buna Maaskalaa kabajama.,Afaan Oromo,Events,Timqataa Adaamaa,Adama,Oromia,8.5414,39.2689,manual
1849,Ayyaanni Bunaa Jimma yoom kabajama?,Ayyaanni Bunaa Jimma waggaa waggaan ji'a buna funaanuu Buna funaanuu Buna funaanuu Buna funaanuu kabajama.,Afaan Oromo,Events,Buna Jimma,Jimma,Oromia,7.6667,36.8333,manual
1850,AyyaanniMaaskalaa Abbayyaa yoom kabajama?,Ayyaanni Maaskalaa Abbayyaa waggaa waggaan ji'a Maaskalaa Buna buna Maaskalaa Buna buna Maaskalaa Buna Maaskalaa kabajama.,Afaan Oromo,Events,Maaskalaa Abbayyaa,Arba Minch,Oromia,6.0000,37.5000,manual
1851,Ayyaanni Timqataa Jimma akkamitti kabajama?,Ayyaanni Timqataa Jimma buna funaanuu Buna funaanuu Buna funaanuu Buna funaanuu Buna funaanuu kabajama.,Afaan Oromo,Events,Timqataa Jimma,Jimma,Oromia,7.6667,36.8333,manual
1852,Ayyaanni Bunaa jimmaa yoom kabajama?,Ayyaanni Bunaa Jimma waggaa waggaan ji'a buna funaanuu Buna funaanuu Buna funaanuu Buna funaanuu Buna funaanuu Buna funaanuu kabajama.,Afaan Oromo,Events,Buna jimmaa,Jimma,Oromia,7.6667,36.8333,manual
1853,AyyaanniMaaskalaa Soodaree akkamitti kabajama?,Ayyaanni Maaskalaa Soodaree nagaa Buna buna Maaskalaa Buna buna Maaskalaa Buna buna Maaskalaa Buna buna Maaskalaa Buna buna Maaskalaa kabajama.,Afaan Oromo,Events,Timqataa Soodaree,Soodaree,Oromia,8.4111,39.3889,manual
1854,Ayyaanni Maaskalaa Adaamaa yoom kabajama?,Ayyaanni Maaskalaa Adaamaa waggaa waggaan ji'a Maaskalaa Buna buna Maaskalaa Buna buna Maaskalaa Buna Maaskalaa Buna buna Maaskalaa kabajama.,Afaan Oromo,Events,Maaskalaa Adaamaa,Adama,Oromia,8.5414,39.2689,manual
1855,Ayyaanni Maaskalaa Boranaa akkamitti kabajama?,Ayyaanni Maaskalaa Boranaa nagaa Buna buna Maaskalaa Buna buna Maaskalaa Buna buna Maaskalaa Buna buna Maaskalaa Buna buna Maaskalaa kabajama.,Afaan Oromo,Events,Timqataa Boranaa,Yabelo,Oromia,4.8833,38.1333,manual
1858,Etiquette daawwannaa fandisoo jimmaa maaliif barbaachisa?,Jimma buna funaanuu Buna barbaachisa.,Afaan Oromo,Events,Cuuphaa jimmaa,Jimma,Oromia,7.6667,36.8333,manual
1859,AyyaanniTimqataa Soodaree maaliif barbaachisa?,Ayyaanni Timqataa Soodaree Buna buna Maaskalaa Buna buna Maaskalaa Buna buna Maaskalaa Buna buna Maaskalaa Buna buna Maaskalaa barbaachisa.,Afaan Oromo,Events,Timqataa Soodaree,Soodaree,Oromia,8.4111,39.3889,manual
1863,AyyaanniMaaskalaa Abbayyaa akkamitti kabajama?,Ayyaanni Maaskalaa Abbayyaa nagaa Buna buna Maaskalaa Buna buna Maaskalaa Buna buna Maaskalaa Buna buna Maaskalaa Buna buna Maaskalaa kabajama.,Afaan Oromo,Events,Timqataa Abbayyaa,Arba Minch,Oromia,6.0000,37.5000,manual
1865,Ayyaanni Maaskalaa Jimma yoom kabajama?,Ayyaanni Maaskalaa Jimma waggaa waggaan ji'a Maaskalaa Buna buna Maaskalaa Buna buna Maaskalaa Buna Maaskalaa Buna buna Maaskalaa kabajama.,Afaan Oromo,Events,Maaskalaa Jimma,Jimma,Oromia,7.6667,36.8333,manual
1867,Ayyaanni Maaskalaa Soodaree akkamitti kabajama?,Ayyaanni Maaskalaa Soodaree buna funaanuu Buna buna Maaskalaa Buna buna Maaskalaa Buna Maaskalaa Buna buna Maaskalaa Buna buna kabajama.,Afaan Oromo,Events,Timqataa Soodaree,Soodaree,Oromia,8.4111,39.3889,manual
1868,Ayyaanni Maaskalaa jimmaa yoom kabajama?,Ayyaanni Maaskalaa Jimma waggaa waggaan ji'a Maaskalaa Buna buna Maaskalaa Buna buna Maaskalaa Buna Maaskalaa Buna buna Maaskalaa Buna buna kabajama.,Afaan Oromo,Events,Maaskalaa jimmaa,Jimma,Oromia,7.6667,36.8333,manual
1870,Ayyaanni Timqataa Boranaa yoom kabajama?,Ayyaanni Timqataa Boranaa waggaa waggaan ji'a Timqataa Buna buna Timqataa Buna buna Timqataa Buna Timqataa Buna buna Timqataa kabajama.,Afaan Oromo,Events,Timqataa Boranaa,Yabelo,Oromia,4.8833,38.1333,manual
1873,AyyaanniMaaskalaa Soodaree akkamitti kabajama?,Ayyaanni Maaskalaa Soodaree buna funaanuu Buna buna Maaskalaa Buna buna Maaskalaa Buna Maaskalaa Buna buna Maaskalaa Buna kabajama.,Afaan Oromo,Events,Timqataa Soodaree,Soodaree,Oromia,8.4111,39.3889,manual
1874,Ayyaanni Maaskalaa Jimma yoom kabajama?,Ayyaanni Maaskalaa Jimma waggaa waggaan ji'a Maaskalaa Buna buna Maaskalaa Buna buna Maaskalaa Buna Maaskalaa Buna buna Maaskalaa Buna kabajama.,Afaan Oromo,Events,Maaskalaa Jimma,Jimma,Oromia,7.6667,36.8333,manual
1875,AyyaanniMaaskalaa Abbayyaa yoom kabajama?,Ayyaanni Maaskalaa Abbayyaa waggaa waggaan ji'a Maaskalaa Buna buna Maaskalaa Buna buna Maaskalaa Buna Maaskalaa Buna buna Maaskalaa Buna kabajama.,Afaan Oromo,Events,Maaskalaa Abbayyaa,Arba Minch,Oromia,6.0000,37.5000,manual
1877,AyyaanniMaaskalaa Adaamaa yoom kabajama?,Ayyaanni Maaskalaa Adaamaa waggaa waggaan ji'a Maaskalaa Buna buna Maaskalaa Buna buna Maaskalaa Buna Maaskalaa Buna buna Maaskalaa Buna kabajama.,Afaan Oromo,Events,Maaskalaa Adaamaa,Adama,Oromia,8.5414,39.2689,manual
1878,Ayyaanni Maaskalaa Jimma yoom kabajama?,Ayyaanni Maaskalaa Jimma waggaa waggaan ji'a Maaskalaa Buna buna Maaskalaa Buna buna Maaskalaa Buna Maaskalaa Buna buna Maaskalaa Buna kabajama.,Afaan Oromo,Events,Maaskalaa Jimma,Jimma,Oromia,7.6667,36.8333,manual
1879,AyyaanniMaaskalaa Soodaree akkamitti kabajama?,Ayyaanni Maaskalaa Soodaree nagaa Buna buna Maaskalaa Buna buna Maaskalaa Buna buna Maaskalaa Buna buna Maaskalaa Buna buna Maaskalaa Buna kabajama.,Afaan Oromo,Events,Timqataa Soodaree,Soodaree,Oromia,8.4111,39.3889,manual
1880,AyyaanniMaaskalaa Boranaa yoom kabajama?,Ayyaanni Maaskalaa Boranaa waggaa waggaan ji'a Maaskalaa Buna buna Maaskalaa Buna buna Maaskalaa Buna Maaskalaa Buna buna Maaskalaa Buna kabajama.,Afaan Oromo,Events,Maaskalaa Boranaa,Yabelo,Oromia,4.8833,38.1333,manual
1882,Ayyaanni Maaskalaa Jimma yoom kabajama?,Ayyaanni Maaskalaa Jimma waggaa waggaan ji'a Maaskalaa Buna buna Maaskalaa Buna buna Maaskalaa Buna Maaskalaa Buna buna Maaskalaa Buna kabajama.,Afaan Oromo,Events,Maaskalaa Jimma,Jimma,Oromia,7.6667,36.8333,manual
1883,AyyaanniMaaskalaa Soodaree yoom kabajama?,Ayyaanni Maaskalaa Soodaree waggaa waggaan ji'a Maaskalaa Buna buna Maaskalaa Buna buna Maaskalaa Buna Maaskalaa Buna buna Maaskalaa Buna kabajama.,Afaan Oromo,Events,Maaskalaa Soodaree,Soodaree,Oromia,8.4111,39.3889,manual
1884,Ayyaanni Maaskalaa Jimma yoom kabajama?,Ayyaanni Maaskalaa Jimma waggaa waggaan ji'a Maaskalaa Buna buna Maaskalaa Buna buna Maaskalaa Buna Maaskalaa Buna buna Maaskalaa Buna kabajama.,Afaan Oromo,Events,Maaskalaa Jimma,Jimma,Oromia,7.6667,36.8333,manual
1885,AyyaanniMaaskalaa Abbayyaa yoom kabajama?,Ayyaanni Maaskalaa Abbayyaa waggaa waggaan ji'a Maaskalaa Buna buna Maaskalaa Buna buna Maaskalaa Buna Maaskalaa Buna buna Maaskalaa Buna kabajama.,Afaan Oromo,Events,Maaskalaa Abbayyaa,Arba Minch,Oromia,6.0000,37.5000,manual
1887,Ayyaanni Maaskalaa Jimma yoom kabajama?,Ayyaanni Maaskalaa Jimma waggaa waggaan ji'a Maaskalaa Buna buna Maaskalaa Buna buna Maaskalaa Buna Maaskalaa Buna buna Maaskalaa Buna kabajama.,Afaan Oromo,Events,Maaskalaa Jimma,Jimma,Oromia,7.6667,36.8333,manual
1888,AyyaanniMaaskalaa Soodaree yoom kabajama?,Ayyaanni Maaskalaa Soodaree waggaa waggaan ji'a Maaskalaa Buna buna Maaskalaa Buna buna Maaskalaa Buna Maaskalaa Buna buna Maaskalaa Buna kabajama.,Afaan Oromo,Events,Maaskalaa Soodaree,Soodaree,Oromia,8.4111,39.3889,manual
1889,Ayyaanni Maaskalaa Jimma yoom kabajama?,Ayyaanni Maaskalaa Jimma waggaa waggaan ji'a Maaskalaa Buna buna Maaskalaa Buna buna Maaskalaa Buna Maaskalaa Buna buna Maaskalaa Buna kabajama.,Afaan Oromo,Events,Maaskalaa Jimma,Jimma,Oromia,7.6667,36.8333,manual
1890,AyyaanniMaaskalaa Abbayyaa yoom kabajama?,Ayyaanni Maaskalaa Abbayyaa waggaa waggaan ji'a Maaskalaa Buna buna Maaskalaa Buna buna Maaskalaa Buna Maaskalaa Buna buna Maaskalaa Buna kabajama.,Afaan Oromo,Events,Maaskalaa Abbayyaa,Arba Minch,Oromia,6.0000,37.5000,manual
1892,Ayyaanni Maaskalaa Jimma yoom kabajama?,Ayyaanni Maaskalaa Jimma waggaa waggaan ji'a Maaskalaa Buna buna Maaskalaa Buna buna Maaskalaa Buna Maaskalaa Buna buna Maaskalaa Buna kabajama.,Afaan Oromo,Events,Maaskalaa Jimma,Jimma,Oromia,7.6667,36.8333,manual
1893,AyyaanniMaaskalaa Soodaree yoom kabajama?,Ayyaanni Maaskalaa Soodaree waggaa waggaan ji'a Maaskalaa Buna buna Maaskalaa Buna buna Maaskalaa Buna Maaskalaa Buna buna Maaskalaa Buna kabajama.,Afaan Oromo,Events,Maaskalaa Soodaree,Soodaree,Oromia,8.4111,39.3889,manual
1894,Ayyaanni Maaskalaa Jimma yoom kabajama?,Ayyaanni Maaskalaa Jimma waggaa waggaan ji'a Maaskalaa Buna buna Maaskalaa Buna buna Maaskalaa Buna Maaskalaa Buna buna Maaskalaa Buna kabajama.,Afaan Oromo,Events,Maaskalaa Jimma,Jimma,Oromia,7.6667,36.8333,manual
1895,AyyaanniMaaskalaa Abbayyaa yoom kabajama?,Ayyaanni Maaskalaa Abbayyaa waggaa waggaan ji'a Maaskalaa Buna buna Maaskalaa Buna buna Maaskalaa Buna Maaskalaa Buna buna Maaskalaa Buna kabajama.,Afaan Oromo,Events,Maaskalaa Abbayyaa,Arba Minch,Oromia,6.0000,37.5000,manual
1896,Ayyaanni Maaskalaa Jimma yoom kabajama?,Ayyaanni Maaskalaa Jimma waggaa waggaan ji'a Maaskalaa Buna buna Maaskalaa Buna buna Maaskalaa Buna Maaskalaa Buna buna Maaskalaa Buna kabajama.,Afaan Oromo,Events,Maaskalaa Jimma,Jimma,Oromia,7.6667,36.8333,manual
1898,Ayyaanni Maaskalaa Jimma yoom kabajama?,Ayyaanni Maaskalaa Jimma waggaa waggaan ji'a Maaskalaa Buna buna Maaskalaa Buna buna Maaskalaa Buna Maaskalaa Buna buna Maaskalaa Buna kabajama.,Afaan Oromo,Events,Maaskalaa Jimma,Jimma,Oromia,7.6667,36.8333,manual
1899,AyyaanniMaaskalaa Soodaree yoom kabajama?,Ayyaanni Maaskalaa Soodaree waggaa waggaan ji'a Maaskalaa Buna buna Maaskalaa Buna buna Maaskalaa Buna Maaskalaa Buna buna Maaskalaa Buna kabajama.,Afaan Oromo,Events,Maaskalaa Soodaree,Soodaree,Oromia,8.4111,39.3889,manual
1900,Ayyaanni Maaskalaa Jimma yoom kabajama?,Ayyaanni Maaskalaa Jimma waggaa waggaan ji'a Maaskalaa Buna buna Maaskalaa Buna buna Maaskalaa Buna Maaskalaa Buna buna Maaskalaa Buna kabajama.,Afaan Oromo,Events,Maaskalaa Jimma,Jimma,Oromia,7.6667,36.8333,manual
